data,arrivi_aeroporti,arrivi_porti,arrivi_totali_sardegna,partenze_totali_sardegna
2022-01-01,3373.0,852.0,4225.0,8693.0
2022-01-02,7474.0,4329.0,11803.0,14085.0
2022-01-03,6354.0,4885.0,11239.0,13073.0
2022-01-04,4875.0,4756.0,9631.0,10064.0
2022-01-05,4721.0,4078.0,8799.0,9975.0
2022-01-06,4105.0,2980.0,7085.0,9208.0
2022-01-07,4700.0,2717.0,7417.0,14988.0
2022-01-08,4114.0,3544.0,7658.0,15534.0
2022-01-09,5705.0,5738.0,11443.0,11363.0
2022-01-10,3530.0,2757.0,6287.0,6914.0
2022-01-11,2184.0,1641.0,3825.0,4027.0
2022-01-12,1891.0,1622.0,3513.0,3812.0
2022-01-13,2336.0,1677.0,4013.0,3784.0
2022-01-14,3251.0,1659.0,4910.0,5875.0
2022-01-15,2459.0,1617.0,4076.0,4527.0
2022-01-16,2960.0,2175.0,5135.0,4564.0
2022-01-17,3003.0,1890.0,4893.0,4832.0
2022-01-18,2548.0,1473.0,4021.0,3898.0
2022-01-19,2015.0,1749.0,3764.0,3697.0
2022-01-20,2421.0,1554.0,3975.0,3921.0
2022-01-21,3423.0,1714.0,5137.0,5259.0
2022-01-22,2634.0,1326.0,3960.0,4484.0
2022-01-23,3193.0,1526.0,4719.0,4887.0
2022-01-24,3180.0,1680.0,4860.0,4828.0
2022-01-25,2539.0,1661.0,4200.0,3755.0
2022-01-26,2226.0,1713.0,3939.0,3695.0
2022-01-27,2629.0,1675.0,4304.0,4173.0
2022-01-28,3804.0,1689.0,5493.0,6150.0
2022-01-29,2852.0,1859.0,4711.0,4665.0
2022-01-30,3403.0,1750.0,5153.0,5494.0
2022-01-31,3489.0,1692.0,5181.0,4724.0
2022-02-01,2810.0,935.0,3745.0,3621.0
2022-02-02,2603.0,915.0,3518.0,3313.0
2022-02-03,3054.0,924.0,3978.0,3802.0
2022-02-04,4870.0,940.0,5810.0,6005.0
2022-02-05,3273.0,990.0,4263.0,4319.0
2022-02-06,4780.0,840.0,5620.0,6160.0
2022-02-07,4626.0,1088.0,5714.0,5645.0
2022-02-08,3201.0,1118.0,4319.0,4226.0
2022-02-09,3046.0,1052.0,4098.0,3642.0
2022-02-10,3474.0,990.0,4464.0,4623.0
2022-02-11,5444.0,1135.0,6579.0,7143.0
2022-02-12,3840.0,1207.0,5047.0,5347.0
2022-02-13,5591.0,1086.0,6677.0,6937.0
2022-02-14,4629.0,1336.0,5965.0,5585.0
2022-02-15,4023.0,1178.0,5201.0,4600.0
2022-02-16,3589.0,1136.0,4725.0,4389.0
2022-02-17,4407.0,1036.0,5443.0,5236.0
2022-02-18,6461.0,1363.0,7824.0,7798.0
2022-02-19,4426.0,1376.0,5802.0,5471.0
2022-02-20,6502.0,1342.0,7844.0,7608.0
2022-02-21,5549.0,1136.0,6685.0,6346.0
2022-02-22,4237.0,1045.0,5282.0,5498.0
2022-02-23,4045.0,1194.0,5239.0,5254.0
2022-02-24,4845.0,1226.0,6071.0,6249.0
2022-02-25,7005.0,1690.0,8695.0,9096.0
2022-02-26,5094.0,1358.0,6452.0,6611.0
2022-02-27,6733.0,1554.0,8287.0,8898.0
2022-02-28,6122.0,1729.0,7851.0,7606.0
2022-03-02,4763.0,1665.0,6428.0,5603.0
2022-03-03,5120.0,1338.0,6458.0,6353.0
2022-03-04,6340.0,1664.0,8004.0,8816.0
2022-03-05,5183.0,1406.0,6589.0,6912.0
2022-03-06,6628.0,1724.0,8352.0,8867.0
2022-03-07,5570.0,1796.0,7366.0,6994.0
2022-03-08,4290.0,1333.0,5623.0,5539.0
2022-03-09,4067.0,1397.0,5464.0,5094.0
2022-03-10,4825.0,1245.0,6070.0,6393.0
2022-03-11,6330.0,1532.0,7862.0,8676.0
2022-03-12,5065.0,1466.0,6531.0,6584.0
2022-03-13,6990.0,1460.0,8450.0,8112.0
2022-03-14,5913.0,1889.0,7802.0,6698.0
2022-03-15,4639.0,1278.0,5917.0,5435.0
2022-03-16,3982.0,1311.0,5293.0,5423.0
2022-03-17,4957.0,1052.0,6009.0,6291.0
2022-03-18,6866.0,1327.0,8193.0,8374.0
2022-03-19,5095.0,1390.0,6485.0,6047.0
2022-03-20,6953.0,1626.0,8579.0,8572.0
2022-03-21,6233.0,1745.0,7978.0,6961.0
2022-03-22,4914.0,1610.0,6524.0,5694.0
2022-03-23,4126.0,1556.0,5682.0,5447.0
2022-03-24,4974.0,1403.0,6377.0,6209.0
2022-03-25,6786.0,1683.0,8469.0,8425.0
2022-03-26,5112.0,1521.0,6633.0,6887.0
2022-03-27,8595.0,1608.0,10203.0,9179.0
2022-03-28,6620.0,2147.0,8767.0,7779.0
2022-03-29,6535.0,1645.0,8180.0,7035.0
2022-03-30,4883.0,1463.0,6346.0,6127.0
2022-03-31,7729.0,1542.0,9271.0,8124.0
2022-04-01,8103.0,1794.0,9897.0,9233.0
2022-04-02,8605.0,1574.0,10179.0,8363.0
2022-04-03,9385.0,1993.0,11378.0,10918.0
2022-04-04,7844.0,2400.0,10244.0,8493.0
2022-04-05,7696.0,1927.0,9623.0,7936.0
2022-04-06,5878.0,2021.0,7899.0,6414.0
2022-04-07,9788.0,1886.0,11674.0,8913.0
2022-04-08,9230.0,2134.0,11364.0,9929.0
2022-04-09,12240.0,4131.0,16371.0,10795.0
2022-04-10,11510.0,3876.0,15386.0,11896.0
2022-04-11,8816.0,4357.0,13173.0,8598.0
2022-04-12,10391.0,2773.0,13164.0,9602.0
2022-04-13,10734.0,5168.0,15902.0,9873.0
2022-04-14,15253.0,8091.0,23344.0,14674.0
2022-04-15,15157.0,7617.0,22774.0,13716.0
2022-04-16,13903.0,6523.0,20426.0,14182.0
2022-04-17,9948.0,2786.0,12734.0,12633.0
2022-04-18,9305.0,2782.0,12087.0,18349.0
2022-04-19,12412.0,3836.0,16248.0,21340.0
2022-04-20,8856.0,4335.0,13191.0,15950.0
2022-04-21,10977.0,3498.0,14475.0,16909.0
2022-04-22,12294.0,4011.0,16305.0,16964.0
2022-04-23,13051.0,5268.0,18319.0,19464.0
2022-04-24,10335.0,3760.0,14095.0,18523.0
2022-04-25,10338.0,3520.0,13858.0,17245.0
2022-04-26,10257.0,2903.0,13160.0,15855.0
2022-04-27,7338.0,3083.0,10421.0,11508.0
2022-04-28,11164.0,2620.0,13784.0,13742.0
2022-04-29,12008.0,2427.0,14435.0,15033.0
2022-04-30,12909.0,3505.0,16414.0,15857.0
2022-05-02,10821.0,3625.0,14446.0,13282.0
2022-05-03,8824.0,2367.0,11191.0,11758.0
2022-05-04,7121.0,2709.0,9830.0,10151.0
2022-05-05,10961.0,0.0,10961.0,10455.0
2022-05-06,12514.0,2499.0,15013.0,14571.0
2022-05-07,13177.0,3208.0,16385.0,15538.0
2022-05-08,12224.0,2987.0,15211.0,15937.0
2022-05-09,10350.0,3604.0,13954.0,12440.0
2022-05-10,9453.0,2865.0,12318.0,11223.0
2022-05-11,8392.0,2985.0,11377.0,10113.0
2022-05-12,13155.0,2660.0,15815.0,13329.0
2022-05-13,14615.0,3079.0,17694.0,14238.0
2022-05-14,15171.0,4585.0,19756.0,16273.0
2022-05-15,14078.0,4031.0,18109.0,17397.0
2022-05-16,11512.0,5343.0,16855.0,14885.0
2022-05-17,11041.0,3438.0,14479.0,12212.0
2022-05-18,9592.0,2908.0,12500.0,10337.0
2022-05-19,14116.0,4484.0,18600.0,14627.0
2022-05-20,16186.0,4646.0,20832.0,16995.0
2022-05-21,17422.0,5921.0,23343.0,18487.0
2022-05-22,16318.0,5658.0,21976.0,19647.0
2022-05-23,13047.0,6054.0,19101.0,16098.0
2022-05-24,12765.0,4105.0,16870.0,13537.0
2022-05-25,13322.0,4613.0,17935.0,13139.0
2022-05-26,16863.0,5898.0,22761.0,16259.0
2022-05-27,18360.0,7367.0,25727.0,20019.0
2022-05-28,20777.0,8901.0,29678.0,22857.0
2022-05-29,17867.0,7470.0,25337.0,23337.0
2022-05-30,13939.0,6497.0,20436.0,18297.0
2022-05-31,16648.0,6834.0,23482.0,16909.0
2022-06-01,19400.0,9948.0,29348.0,16497.0
2022-06-02,20005.0,15680.0,35685.0,18856.0
2022-06-03,17885.0,9495.0,27380.0,19734.0
2022-06-04,21592.0,12241.0,33833.0,32289.0
2022-06-05,19644.0,12751.0,32395.0,37753.0
2022-06-06,15201.0,10661.0,25862.0,26384.0
2022-06-07,15354.0,8271.0,23625.0,21178.0
2022-06-08,14054.0,6944.0,20998.0,16830.0
2022-06-09,18397.0,7763.0,26160.0,20766.0
2022-06-10,19661.0,10064.0,29725.0,22459.0
2022-06-11,23856.0,13530.0,37386.0,29461.0
2022-06-12,20976.0,11516.0,32492.0,27725.0
2022-06-13,16485.0,10607.0,27092.0,21673.0
2022-06-14,17027.0,9845.0,26872.0,21055.0
2022-06-15,16829.0,8946.0,25775.0,20285.0
2022-06-16,19072.0,11284.0,30356.0,28086.0
2022-06-17,21561.0,15282.0,36843.0,30092.0
2022-06-18,25816.0,16119.0,41935.0,38655.0
2022-06-19,22103.0,15122.0,37225.0,34343.0
2022-06-20,17277.0,12757.0,30034.0,25583.0
2022-06-21,18437.0,11587.0,30024.0,24073.0
2022-06-22,17592.0,10154.0,27746.0,20882.0
2022-06-23,20272.0,11734.0,32006.0,24452.0
2022-06-24,21194.0,18566.0,39760.0,29914.0
2022-06-25,26126.0,18395.0,44521.0,38573.0
2022-06-26,22047.0,18339.0,40386.0,36977.0
2022-06-27,19307.0,13987.0,33294.0,29551.0
2022-06-28,19989.0,14502.0,34491.0,27692.0
2022-06-29,18781.0,13420.0,32201.0,25761.0
2022-06-30,20445.0,4988.0,25433.0,30093.0
2022-07-01,24199.0,20776.0,44975.0,33913.0
2022-07-02,29883.0,21129.0,51012.0,44624.0
2022-07-03,24729.0,21568.0,46297.0,40062.0
2022-07-04,19693.0,16814.0,36507.0,29357.0
2022-07-05,22052.0,17790.0,39842.0,28039.0
2022-07-06,19353.0,13891.0,33244.0,23720.0
2022-07-07,22792.0,12738.0,35530.0,27150.0
2022-07-08,25384.0,19174.0,44558.0,35792.0
2022-07-09,30887.0,20166.0,51053.0,45715.0
2022-07-10,25787.0,20850.0,46637.0,43437.0
2022-07-11,20397.0,15500.0,35897.0,32909.0
2022-07-12,22318.0,16585.0,38903.0,31881.0
2022-07-13,19963.0,14718.0,34681.0,29113.0
2022-07-14,24271.0,14984.0,39255.0,34258.0
2022-07-15,26705.0,22147.0,48852.0,40790.0
2022-07-16,32645.0,23077.0,55722.0,50575.0
2022-07-17,21374.0,24491.0,45865.0,40742.0
2022-07-18,22441.0,18757.0,41198.0,35582.0
2022-07-19,23096.0,20479.0,43575.0,34902.0
2022-07-20,21544.0,15810.0,37354.0,30006.0
2022-07-21,24100.0,14712.0,38812.0,32710.0
2022-07-22,26312.0,20888.0,47200.0,39548.0
2022-07-23,31268.0,25184.0,56452.0,50247.0
2022-07-24,27041.0,22540.0,49581.0,47170.0
2022-07-25,20488.0,19001.0,39489.0,35141.0
2022-07-26,22096.0,20163.0,42259.0,36321.0
2022-07-27,21544.0,16803.0,38347.0,34981.0
2022-07-28,23934.0,18714.0,42648.0,38435.0
2022-07-29,26037.0,23871.0,49908.0,45524.0
2022-07-30,31630.0,29544.0,61174.0,57090.0
2022-07-31,28076.0,28245.0,56321.0,53981.0
2022-08-01,23060.0,22160.0,45220.0,39992.0
2022-08-02,24985.0,24043.0,49028.0,36720.0
2022-08-03,22487.0,18812.0,41299.0,32838.0
2022-08-04,25336.0,21573.0,46909.0,34174.0
2022-08-05,26664.0,27916.0,54580.0,39920.0
2022-08-06,32444.0,33259.0,65703.0,50183.0
2022-08-07,28361.0,32361.0,60722.0,46641.0
2022-08-08,23550.0,24284.0,47834.0,35690.0
2022-08-09,25045.0,27030.0,52075.0,35890.0
2022-08-10,22069.0,23521.0,45590.0,34835.0
2022-08-11,25212.0,21312.0,46524.0,36942.0
2022-08-12,25900.0,24664.0,50564.0,45235.0
2022-08-13,30614.0,29616.0,60230.0,58311.0
2022-08-14,27112.0,27118.0,54230.0,50872.0
2022-08-15,19906.0,15896.0,35802.0,38318.0
2022-08-16,23323.0,22498.0,45821.0,49748.0
2022-08-17,20249.0,20286.0,40535.0,47051.0
2022-08-18,21601.0,18039.0,39640.0,49937.0
2022-08-19,21976.0,18902.0,40878.0,54491.0
2022-08-20,28384.0,23607.0,51991.0,65821.0
2022-08-21,25415.0,20349.0,45764.0,61110.0
2022-08-22,19428.0,16336.0,35764.0,47229.0
2022-08-23,18838.0,17315.0,36153.0,52391.0
2022-08-24,16904.0,10716.0,27620.0,50032.0
2022-08-25,18111.0,11533.0,29644.0,52904.0
2022-08-26,20185.0,14442.0,34627.0,56379.0
2022-08-27,27480.0,20308.0,47788.0,68590.0
2022-08-28,22499.0,16488.0,38987.0,62065.0
2022-08-29,16500.0,14719.0,31219.0,49271.0
2022-08-30,16005.0,12370.0,28375.0,53110.0
2022-08-31,16407.0,10351.0,26758.0,47054.0
2022-09-01,20095.0,14013.0,34108.0,44184.0
2022-09-02,22174.0,15125.0,37299.0,47658.0
2022-09-03,28521.0,22439.0,50960.0,60316.0
2022-09-04,25040.0,17057.0,42097.0,52763.0
2022-09-05,16625.0,14436.0,31061.0,38138.0
2022-09-06,17352.0,12227.0,29579.0,38593.0
2022-09-07,15696.0,7784.0,23480.0,35520.0
2022-09-08,18583.0,7508.0,26091.0,40874.0
2022-09-09,20900.0,9036.0,29936.0,42272.0
2022-09-10,25862.0,14922.0,40784.0,54444.0
2022-09-11,22879.0,13044.0,35923.0,48848.0
2022-09-12,16329.0,10922.0,27251.0,32430.0
2022-09-13,16842.0,9581.0,26423.0,31721.0
2022-09-14,14776.0,6333.0,21109.0,26620.0
2022-09-15,17366.0,6374.0,23740.0,29578.0
2022-09-16,19794.0,7308.0,27102.0,32023.0
2022-09-17,23792.0,10552.0,34344.0,44239.0
2022-09-18,20813.0,8926.0,29739.0,38647.0
2022-09-19,15426.0,7896.0,23322.0,26845.0
2022-09-20,15079.0,6630.0,21709.0,27953.0
2022-09-21,13086.0,5232.0,18318.0,25131.0
2022-09-22,15758.0,4229.0,19987.0,27758.0
2022-09-23,18724.0,5342.0,24066.0,31229.0
2022-09-24,20353.0,8182.0,28535.0,39457.0
2022-09-25,17637.0,7650.0,25287.0,34105.0
2022-09-26,13271.0,6723.0,19994.0,24968.0
2022-09-27,12482.0,5112.0,17594.0,23212.0
2022-09-28,11800.0,3779.0,15579.0,22137.0
2022-09-29,14300.0,3641.0,17941.0,23451.0
2022-09-30,17814.0,5346.0,23160.0,28942.0
2022-10-01,18400.0,6628.0,25028.0,30847.0
2022-10-02,17234.0,7938.0,25172.0,28269.0
2022-10-03,12478.0,6770.0,19248.0,21847.0
2022-10-04,11449.0,4639.0,16088.0,19429.0
2022-10-05,10616.0,3916.0,14532.0,17894.0
2022-10-06,12899.0,774.0,13673.0,15090.0
2022-10-07,13759.0,944.0,14703.0,15536.0
2022-10-08,15638.0,1093.0,16731.0,23111.0
2022-10-09,13913.0,1571.0,15484.0,20519.0
2022-10-10,11202.0,1614.0,12816.0,15340.0
2022-10-11,9550.0,874.0,10424.0,13364.0
2022-10-12,9184.0,744.0,9928.0,11522.0
2022-10-13,12156.0,780.0,12936.0,14129.0
2022-10-14,13747.0,916.0,14663.0,15462.0
2022-10-15,15192.0,895.0,16087.0,19245.0
2022-10-16,13775.0,1784.0,15559.0,19658.0
2022-10-17,10649.0,1679.0,12328.0,13712.0
2022-10-18,9275.0,910.0,10185.0,12841.0
2022-10-19,8241.0,890.0,9131.0,9837.0
2022-10-20,13093.0,947.0,14040.0,15641.0
2022-10-21,6950.0,1473.0,8423.0,9134.0
2022-10-22,16045.0,1745.0,17790.0,18897.0
2022-10-23,14176.0,1195.0,15371.0,17144.0
2022-10-24,10650.0,2421.0,13071.0,12458.0
2022-10-25,9904.0,845.0,10749.0,12169.0
2022-10-26,14680.0,241.0,14921.0,18898.0
2022-10-27,19997.0,1063.0,21060.0,24871.0
2022-10-28,12682.0,3347.0,16029.0,20196.0
2022-10-29,13917.0,5680.0,19597.0,22368.0
2022-10-30,8494.0,5126.0,13620.0,14667.0
2022-10-31,7384.0,2366.0,9750.0,13487.0
2022-11-01,6680.0,1987.0,8667.0,12616.0
2022-11-02,6233.0,1124.0,7357.0,8484.0
2022-11-03,6378.0,1054.0,7432.0,7555.0
2022-11-04,7068.0,910.0,7978.0,8522.0
2022-11-05,5852.0,1000.0,6852.0,10113.0
2022-11-06,7214.0,624.0,7838.0,9090.0
2022-11-07,6638.0,972.0,7610.0,8038.0
2022-11-08,4548.0,987.0,5535.0,5690.0
2022-11-09,4527.0,846.0,5373.0,5693.0
2022-11-10,5355.0,564.0,5919.0,6558.0
2022-11-11,6714.0,858.0,7572.0,8145.0
2022-11-12,5831.0,825.0,6656.0,7861.0
2022-11-13,6821.0,648.0,7469.0,7871.0
2022-11-14,6892.0,1073.0,7965.0,7043.0
2022-11-15,5118.0,634.0,5752.0,5367.0
2022-11-16,4836.0,963.0,5799.0,5656.0
2022-11-17,5281.0,440.0,5721.0,6520.0
2022-11-18,6899.0,735.0,7634.0,7650.0
2022-11-19,5545.0,794.0,6339.0,7024.0
2022-11-20,6954.0,404.0,7358.0,8206.0
2022-11-21,6823.0,763.0,7586.0,6999.0
2022-11-22,4767.0,19.0,4786.0,5020.0
2022-11-23,4749.0,204.0,4953.0,5263.0
2022-11-24,5584.0,801.0,6385.0,6899.0
2022-11-25,6579.0,805.0,7384.0,8060.0
2022-11-26,5706.0,715.0,6421.0,6701.0
2022-11-27,6658.0,625.0,7283.0,7669.0
2022-11-28,6899.0,855.0,7754.0,7360.0
2022-11-29,4937.0,771.0,5708.0,5374.0
2022-11-30,4755.0,693.0,5448.0,5263.0
2022-12-01,4979.0,467.0,5446.0,6242.0
2022-12-02,6050.0,721.0,6771.0,6926.0
2022-12-03,5660.0,611.0,6271.0,6698.0
2022-12-04,6566.0,467.0,7033.0,7217.0
2022-12-05,6643.0,357.0,7000.0,6817.0
2022-12-06,5391.0,455.0,5846.0,5600.0
2022-12-07,5141.0,935.0,6076.0,6000.0
2022-12-08,5750.0,993.0,6743.0,6992.0
2022-12-09,5975.0,596.0,6571.0,7196.0
2022-12-10,5772.0,689.0,6461.0,6984.0
2022-12-11,7406.0,315.0,7721.0,7679.0
2022-12-12,7288.0,358.0,7646.0,7255.0
2022-12-13,5271.0,737.0,6008.0,5595.0
2022-12-14,5303.0,521.0,5824.0,5549.0
2022-12-15,5946.0,622.0,6568.0,6720.0
2022-12-16,7453.0,758.0,8211.0,7407.0
2022-12-17,6756.0,924.0,7680.0,6886.0
2022-12-18,7860.0,644.0,8504.0,6623.0
2022-12-19,7858.0,503.0,8361.0,6091.0
2022-12-20,6750.0,701.0,7451.0,6045.0
2022-12-21,7594.0,720.0,8314.0,6088.0
2022-12-22,8462.0,1492.0,9954.0,8859.0
2022-12-23,9442.0,2853.0,12295.0,10671.0
2022-12-24,7062.0,1440.0,8502.0,5462.0
2022-12-25,2257.0,881.0,3138.0,2579.0
2022-12-26,6636.0,785.0,7421.0,10473.0
2022-12-27,6521.0,1704.0,8225.0,9790.0
2022-12-28,6674.0,1865.0,8539.0,10652.0
2022-12-29,6697.0,1709.0,8406.0,11395.0
2022-12-30,7914.0,1481.0,9395.0,13139.0
2022-12-31,4875.0,2317.0,7192.0,6736.0
2023-01-01,6232.0,557.0,6789.0,11451.0
2023-01-02,7773.0,2113.0,9886.0,12786.0
2023-01-03,6683.0,1767.0,8450.0,8731.0
2023-01-04,5911.0,976.0,6887.0,8007.0
2023-01-05,6301.0,1602.0,7903.0,9324.0
2023-01-06,7369.0,940.0,8309.0,13222.0
2023-01-07,6610.0,1755.0,8365.0,12507.0
2023-01-08,8107.0,1451.0,9558.0,10683.0
2023-01-09,6384.0,728.0,7112.0,8135.0
2023-01-10,3943.0,30.0,3973.0,4739.0
2023-01-11,4287.0,690.0,4977.0,4827.0
2023-01-12,4315.0,630.0,4945.0,5646.0
2023-01-13,5642.0,694.0,6336.0,6703.0
2023-01-14,5468.0,634.0,6102.0,6368.0
2023-01-15,6557.0,521.0,7078.0,7230.0
2023-01-16,5448.0,535.0,5983.0,5728.0
2023-01-17,3812.0,362.0,4174.0,4196.0
2023-01-18,4159.0,349.0,4508.0,4869.0
2023-01-19,4629.0,211.0,4840.0,5495.0
2023-01-20,5981.0,618.0,6599.0,6709.0
2023-01-21,4988.0,318.0,5306.0,5523.0
2023-01-22,6589.0,323.0,6912.0,6877.0
2023-01-23,5929.0,436.0,6365.0,5668.0
2023-01-24,4263.0,470.0,4733.0,4438.0
2023-01-25,4485.0,264.0,4749.0,4800.0
2023-01-26,4965.0,463.0,5428.0,5789.0
2023-01-27,6083.0,593.0,6676.0,6749.0
2023-01-28,5066.0,560.0,5626.0,5661.0
2023-01-29,6715.0,490.0,7205.0,7190.0
2023-01-30,6153.0,452.0,6605.0,5599.0
2023-01-31,4311.0,217.0,4528.0,4118.0
2023-02-01,4204.0,423.0,4627.0,4508.0
2023-02-02,4521.0,503.0,5024.0,5703.0
2023-02-03,5766.0,675.0,6441.0,6740.0
2023-02-04,5119.0,426.0,5545.0,6131.0
2023-02-05,6506.0,805.0,7311.0,6977.0
2023-02-06,6420.0,408.0,6828.0,5644.0
2023-02-07,4214.0,414.0,4628.0,4384.0
2023-02-08,4272.0,240.0,4512.0,4638.0
2023-02-09,4919.0,355.0,5274.0,6087.0
2023-02-10,6114.0,467.0,6581.0,6886.0
2023-02-11,5597.0,499.0,6096.0,6561.0
2023-02-12,7211.0,331.0,7542.0,7582.0
2023-02-13,6144.0,507.0,6651.0,6151.0
2023-02-14,4551.0,299.0,4850.0,5043.0
2023-02-15,5104.0,177.0,5281.0,5327.0
2023-02-16,5648.0,473.0,6121.0,6328.0
2023-02-17,6466.0,268.0,6734.0,6721.0
2023-02-18,6067.0,744.0,6811.0,6769.0
2023-02-19,6444.0,746.0,7190.0,7166.0
2023-02-20,6458.0,521.0,6979.0,6607.0
2023-02-21,4853.0,332.0,5185.0,5148.0
2023-02-22,4599.0,225.0,4824.0,5194.0
2023-02-23,5469.0,262.0,5731.0,6331.0
2023-02-24,6311.0,193.0,6504.0,7080.0
2023-02-25,5452.0,359.0,5811.0,7227.0
2023-02-26,6492.0,320.0,6812.0,7473.0
2023-02-27,6027.0,476.0,6503.0,6553.0
2023-02-28,4263.0,253.0,4516.0,5028.0
2023-03-01,4273.0,193.0,4466.0,4947.0
2023-03-02,4649.0,364.0,5013.0,5861.0
2023-03-03,5929.0,173.0,6102.0,7238.0
2023-03-04,5441.0,547.0,5988.0,6205.0
2023-03-05,6134.0,540.0,6674.0,7303.0
2023-03-06,6259.0,655.0,6914.0,6154.0
2023-03-07,4568.0,367.0,4935.0,5005.0
2023-03-08,4311.0,260.0,4571.0,4559.0
2023-03-09,4890.0,274.0,5164.0,6402.0
2023-03-10,6413.0,175.0,6588.0,6792.0
2023-03-11,5499.0,863.0,6362.0,6380.0
2023-03-12,6291.0,487.0,6778.0,7164.0
2023-03-13,6665.0,210.0,6875.0,6397.0
2023-03-14,4831.0,308.0,5139.0,5168.0
2023-03-15,4575.0,37.0,4612.0,5005.0
2023-03-16,5370.0,507.0,5877.0,6044.0
2023-03-17,6237.0,183.0,6420.0,7128.0
2023-03-18,5889.0,432.0,6321.0,6924.0
2023-03-19,6225.0,672.0,6897.0,7611.0
2023-03-20,6795.0,691.0,7486.0,6675.0
2023-03-21,5422.0,806.0,6228.0,5738.0
2023-03-22,4821.0,342.0,5163.0,5140.0
2023-03-23,5934.0,567.0,6501.0,6945.0
2023-03-24,6682.0,505.0,7187.0,7366.0
2023-03-25,5938.0,1029.0,6967.0,6688.0
2023-03-26,8961.0,476.0,9437.0,9257.0
2023-03-27,9155.0,110.0,9265.0,9113.0
2023-03-28,8009.0,384.0,8393.0,7812.0
2023-03-29,7275.0,380.0,7655.0,6777.0
2023-03-30,8821.0,680.0,9501.0,8891.0
2023-03-31,10301.0,489.0,10790.0,9884.0
2023-04-01,11334.0,1370.0,12704.0,9954.0
2023-04-02,10208.0,2148.0,12356.0,9165.0
2023-04-03,11490.0,1538.0,13028.0,9387.0
2023-04-04,11589.0,1064.0,12653.0,8769.0
2023-04-05,10142.0,967.0,11109.0,8369.0
2023-04-06,12728.0,2355.0,15083.0,12104.0
2023-04-07,13520.0,2426.0,15946.0,11956.0
2023-04-08,12522.0,1414.0,13936.0,11484.0
2023-04-09,9933.0,899.0,10832.0,10102.0
2023-04-10,11059.0,1025.0,12084.0,14943.0
2023-04-11,11639.0,1245.0,12884.0,14988.0
2023-04-12,8960.0,1312.0,10272.0,12396.0
2023-04-13,9996.0,1209.0,11205.0,12521.0
2023-04-14,11187.0,520.0,11707.0,13711.0
2023-04-15,11335.0,1042.0,12377.0,16015.0
2023-04-16,10813.0,923.0,11736.0,15111.0
2023-04-17,10395.0,1155.0,11550.0,12994.0
2023-04-18,8639.0,726.0,9365.0,11569.0
2023-04-19,7816.0,2696.0,10512.0,9580.0
2023-04-20,10564.0,922.0,11486.0,11986.0
2023-04-21,14269.0,1084.0,15353.0,13272.0
2023-04-22,14136.0,16689.0,30825.0,19859.0
2023-04-23,12803.0,11612.0,24415.0,17528.0
2023-04-24,11170.0,8496.0,19666.0,19709.0
2023-04-25,10658.0,6620.0,17278.0,23017.0
2023-04-26,9581.0,6825.0,16406.0,15581.0
2023-04-27,11484.0,6780.0,18264.0,18128.0
2023-04-28,14134.0,10845.0,24979.0,21065.0
2023-04-29,14012.0,9934.0,23946.0,22234.0
2023-04-30,13873.0,10686.0,24559.0,23755.0
2023-05-01,12125.0,4427.0,16552.0,17297.0
2023-05-02,12280.0,4498.0,16778.0,16716.0
2023-05-03,9058.0,3540.0,12598.0,11533.0
2023-05-04,11603.0,3248.0,14851.0,13624.0
2023-05-05,13684.0,3244.0,16928.0,17280.0
2023-05-06,13079.0,3327.0,16406.0,16584.0
2023-05-07,13007.0,4540.0,17547.0,16406.0
2023-05-08,11731.0,3691.0,15422.0,15716.0
2023-05-09,10483.0,4279.0,14762.0,13257.0
2023-05-10,9516.0,2923.0,12439.0,10850.0
2023-05-11,11800.0,3613.0,15413.0,13325.0
2023-05-12,14282.0,4018.0,18300.0,16596.0
2023-05-13,14038.0,5322.0,19360.0,16508.0
2023-05-14,14659.0,5594.0,20253.0,16590.0
2023-05-15,12633.0,5153.0,17786.0,15729.0
2023-05-16,11318.0,5188.0,16506.0,13021.0
2023-05-17,11250.0,4986.0,16236.0,11770.0
2023-05-18,12798.0,5269.0,18067.0,14890.0
2023-05-19,13152.0,5993.0,19145.0,17677.0
2023-05-20,15115.0,5565.0,20680.0,19167.0
2023-05-21,14786.0,5749.0,20535.0,20045.0
2023-05-22,13580.0,4757.0,18337.0,16088.0
2023-05-23,12298.0,5351.0,17649.0,13519.0
2023-05-24,12093.0,4324.0,16417.0,12853.0
2023-05-25,13551.0,5386.0,18937.0,15385.0
2023-05-26,18800.0,7648.0,26448.0,20627.0
2023-05-27,20549.0,10729.0,31278.0,21489.0
2023-05-28,18881.0,14487.0,33368.0,23507.0
2023-05-29,15447.0,9289.0,24736.0,20608.0
2023-05-30,16596.0,8476.0,25072.0,18356.0
2023-05-31,16280.0,7983.0,24263.0,16256.0
2023-06-01,18404.0,12063.0,30467.0,19460.0
2023-06-02,19982.0,15978.0,35960.0,22345.0
2023-06-03,21068.0,8981.0,30049.0,26434.0
2023-06-04,19853.0,10545.0,30398.0,33645.0
2023-06-05,17814.0,7065.0,24879.0,27272.0
2023-06-06,15341.0,8323.0,23664.0,22349.0
2023-06-07,15681.0,5739.0,21420.0,19221.0
2023-06-08,17745.0,7904.0,25649.0,24865.0
2023-06-09,19689.0,11332.0,31021.0,30757.0
2023-06-10,23281.0,15004.0,38285.0,35782.0
2023-06-11,21131.0,12837.0,33968.0,31151.0
2023-06-12,18121.0,9194.0,27315.0,22737.0
2023-06-13,16837.0,10664.0,27501.0,22162.0
2023-06-14,16601.0,8514.0,25115.0,18847.0
2023-06-15,18169.0,11255.0,29424.0,22851.0
2023-06-16,21524.0,15162.0,36686.0,28375.0
2023-06-17,26031.0,17607.0,43638.0,36040.0
2023-06-18,23045.0,15802.0,38847.0,34339.0
2023-06-19,18527.0,10529.0,29056.0,25984.0
2023-06-20,17414.0,12756.0,30170.0,25536.0
2023-06-21,16591.0,10540.0,27131.0,20479.0
2023-06-22,18615.0,11896.0,30511.0,25586.0
2023-06-23,22448.0,18886.0,41334.0,31075.0
2023-06-24,27562.0,20588.0,48150.0,41457.0
2023-06-25,23580.0,17461.0,41041.0,36902.0
2023-06-26,21662.0,13389.0,35051.0,30976.0
2023-06-27,21084.0,15423.0,36507.0,30213.0
2023-06-28,20631.0,13128.0,33759.0,25168.0
2023-06-29,21791.0,14374.0,36165.0,29941.0
2023-06-30,25120.0,21633.0,46753.0,38835.0
2023-07-01,30408.0,20976.0,51384.0,46410.0
2023-07-02,27137.0,24307.0,51444.0,44858.0
2023-07-03,22396.0,18473.0,40869.0,33366.0
2023-07-04,22310.0,18028.0,40338.0,30710.0
2023-07-05,21307.0,13693.0,35000.0,25378.0
2023-07-06,22890.0,13629.0,36519.0,28745.0
2023-07-07,26264.0,18949.0,45213.0,37919.0
2023-07-08,29170.0,22122.0,51292.0,46761.0
2023-07-09,28530.0,21107.0,49637.0,45689.0
2023-07-10,22569.0,17428.0,39997.0,36326.0
2023-07-11,23328.0,16631.0,39959.0,34069.0
2023-07-12,21646.0,13884.0,35530.0,29508.0
2023-07-13,22583.0,13568.0,36151.0,33791.0
2023-07-14,27803.0,21850.0,49653.0,45303.0
2023-07-15,25776.0,24266.0,50042.0,44778.0
2023-07-16,30160.0,25666.0,55826.0,49215.0
2023-07-17,23300.0,20707.0,44007.0,38352.0
2023-07-18,23666.0,19689.0,43355.0,36130.0
2023-07-19,22096.0,15057.0,37153.0,29815.0
2023-07-20,23244.0,13607.0,36851.0,34007.0
2023-07-21,26233.0,20668.0,46901.0,41351.0
2023-07-22,30245.0,22014.0,52259.0,47005.0
2023-07-23,28616.0,22723.0,51339.0,48646.0
2023-07-24,22554.0,18142.0,40696.0,37353.0
2023-07-25,24179.0,18861.0,43040.0,38365.0
2023-07-26,22430.0,16538.0,38968.0,33698.0
2023-07-27,23891.0,16842.0,40733.0,36737.0
2023-07-28,26915.0,22988.0,49903.0,45663.0
2023-07-29,29922.0,28042.0,57964.0,52758.0
2023-07-30,28687.0,26232.0,54919.0,53074.0
2023-07-31,23412.0,21218.0,44630.0,43796.0
2023-08-01,24436.0,24538.0,48974.0,38461.0
2023-08-02,22187.0,22013.0,44200.0,32261.0
2023-08-03,24043.0,19984.0,44027.0,33269.0
2023-08-04,26913.0,29598.0,56511.0,42130.0
2023-08-05,30293.0,34317.0,64610.0,49222.0
2023-08-06,29430.0,28447.0,57877.0,44707.0
2023-08-07,25265.0,26567.0,51832.0,37677.0
2023-08-08,24067.0,27456.0,51523.0,35449.0
2023-08-09,21799.0,24457.0,46256.0,31823.0
2023-08-10,23592.0,25523.0,49115.0,38546.0
2023-08-11,26733.0,25475.0,52208.0,41902.0
2023-08-12,29449.0,31023.0,60472.0,51451.0
2023-08-13,27724.0,29353.0,57077.0,51431.0
2023-08-14,22711.0,21283.0,43994.0,43721.0
2023-08-15,21477.0,22442.0,43919.0,44529.0
2023-08-16,20101.0,18433.0,38534.0,44029.0
2023-08-17,21785.0,18405.0,40190.0,48683.0
2023-08-18,24021.0,20653.0,44674.0,54029.0
2023-08-19,27789.0,24090.0,51879.0,63459.0
2023-08-20,26594.0,21238.0,47832.0,65278.0
2023-08-21,21609.0,17326.0,38935.0,51621.0
2023-08-22,19999.0,18178.0,38177.0,53294.0
2023-08-23,17113.0,12127.0,29240.0,46923.0
2023-08-24,18272.0,11581.0,29853.0,50834.0
2023-08-25,22100.0,15679.0,37779.0,57857.0
2023-08-26,26569.0,21092.0,47661.0,66006.0
2023-08-27,23704.0,16642.0,40346.0,60777.0
2023-08-28,18353.0,13390.0,31743.0,50574.0
2023-08-29,17080.0,12372.0,29452.0,50694.0
2023-08-30,14981.0,10720.0,25701.0,49652.0
2023-08-31,18746.0,11011.0,29757.0,49370.0
2023-09-01,22624.0,17600.0,40224.0,50038.0
2023-09-02,26303.0,23566.0,49869.0,62380.0
2023-09-03,25656.0,18763.0,44419.0,54492.0
2023-09-04,18042.0,14109.0,32151.0,39802.0
2023-09-05,17402.0,14779.0,32181.0,40529.0
2023-09-06,15331.0,9164.0,24495.0,33718.0
2023-09-07,18194.0,8156.0,26350.0,38192.0
2023-09-08,21073.0,9684.0,30757.0,42515.0
2023-09-09,24566.0,15715.0,40281.0,54011.0
2023-09-10,23182.0,12981.0,36163.0,48291.0
2023-09-11,17883.0,11379.0,29262.0,36335.0
2023-09-12,16754.0,10673.0,27427.0,34415.0
2023-09-13,15245.0,6285.0,21530.0,27148.0
2023-09-14,17514.0,6830.0,24344.0,30617.0
2023-09-15,21092.0,8236.0,29328.0,36521.0
2023-09-16,22237.0,11656.0,33893.0,41888.0
2023-09-17,21150.0,10275.0,31425.0,37036.0
2023-09-18,17330.0,9079.0,26409.0,31610.0
2023-09-19,15558.0,8557.0,24115.0,28329.0
2023-09-20,14007.0,5819.0,19826.0,24115.0
2023-09-21,17188.0,5618.0,22806.0,28520.0
2023-09-22,20202.0,6511.0,26713.0,31648.0
2023-09-23,20440.0,9585.0,30025.0,37843.0
2023-09-24,19538.0,8184.0,27722.0,34934.0
2023-09-25,15498.0,6735.0,22233.0,28018.0
2023-09-26,14223.0,6486.0,20709.0,26855.0
2023-09-27,13006.0,2049.0,15055.0,20154.0
2023-09-28,16066.0,846.0,16912.0,19144.0
2023-09-29,17164.0,5903.0,23067.0,31179.0
2023-09-30,19193.0,8348.0,27541.0,34724.0
2023-10-01,17185.0,7695.0,24880.0,27250.0
2023-10-02,14049.0,8228.0,22277.0,25776.0
2023-10-03,12479.0,5449.0,17928.0,21710.0
2023-10-04,12353.0,4214.0,16567.0,18891.0
2023-10-05,13554.0,3277.0,16831.0,22174.0
2023-10-06,16582.0,3996.0,20578.0,26531.0
2023-10-07,17199.0,5263.0,22462.0,28710.0
2023-10-08,15611.0,7539.0,23150.0,26506.0
2023-10-09,12993.0,5391.0,18384.0,21706.0
2023-10-10,10337.0,4661.0,14998.0,18370.0
2023-10-11,9109.0,2694.0,11803.0,16556.0
2023-10-12,12653.0,2818.0,15471.0,20933.0
2023-10-13,15499.0,2828.0,18327.0,23936.0
2023-10-14,15189.0,3952.0,19141.0,25658.0
2023-10-15,14179.0,5062.0,19241.0,23102.0
2023-10-16,12689.0,4286.0,16975.0,20421.0
2023-10-17,9747.0,3765.0,13512.0,15888.0
2023-10-18,8877.0,2422.0,11299.0,13750.0
2023-10-19,11336.0,2652.0,13988.0,16548.0
2023-10-20,12321.0,2900.0,15221.0,19822.0
2023-10-21,14504.0,3563.0,18067.0,19908.0
2023-10-22,12826.0,4522.0,17348.0,19748.0
2023-10-23,11836.0,3736.0,15572.0,16746.0
2023-10-24,9480.0,2614.0,12094.0,14495.0
2023-10-25,7663.0,1834.0,9497.0,12795.0
2023-10-26,10697.0,3025.0,13722.0,16584.0
2023-10-27,12709.0,955.0,13664.0,16786.0
2023-10-28,12978.0,4353.0,17331.0,22191.0
2023-10-29,8112.0,4709.0,12821.0,13880.0
2023-10-30,7772.0,2139.0,9911.0,11284.0
2023-10-31,6839.0,2293.0,9132.0,11133.0
2023-11-01,6565.0,2652.0,9217.0,12926.0
2023-11-02,6712.0,2008.0,8720.0,8998.0
2023-11-03,6937.0,187.0,7124.0,9109.0
2023-11-04,6922.0,341.0,7263.0,9861.0
2023-11-05,7793.0,3546.0,11339.0,12637.0
2023-11-06,7848.0,2478.0,10326.0,12123.0
2023-11-07,4247.0,2789.0,7036.0,7260.0
2023-11-08,5061.0,1567.0,6628.0,7223.0
2023-11-09,6251.0,1792.0,8043.0,8562.0
2023-11-10,6936.0,1696.0,8632.0,9713.0
2023-11-11,6068.0,1769.0,7837.0,9321.0
2023-11-12,7209.0,2038.0,9247.0,8958.0
2023-11-13,7660.0,2076.0,9736.0,9398.0
2023-11-14,4322.0,2120.0,6442.0,5586.0
2023-11-15,4630.0,1390.0,6020.0,6691.0
2023-11-16,5701.0,1422.0,7123.0,8505.0
2023-11-17,6665.0,1348.0,8013.0,9858.0
2023-11-18,6076.0,1531.0,7607.0,8052.0
2023-11-19,7610.0,2029.0,9639.0,9149.0
2023-11-20,7449.0,1785.0,9234.0,9252.0
2023-11-21,4408.0,2190.0,6598.0,5640.0
2023-11-22,4716.0,1330.0,6046.0,6476.0
2023-11-23,5620.0,1204.0,6824.0,8194.0
2023-11-24,6775.0,1405.0,8180.0,9322.0
2023-11-25,6143.0,1553.0,7696.0,8680.0
2023-11-26,7566.0,1368.0,8934.0,9154.0
2023-11-27,7552.0,1938.0,9490.0,8973.0
2023-11-28,4133.0,1562.0,5695.0,5614.0
2023-11-29,4867.0,1264.0,6131.0,6650.0
2023-11-30,5557.0,1200.0,6757.0,7555.0
2023-12-01,6285.0,1324.0,7609.0,9445.0
2023-12-02,5805.0,1299.0,7104.0,7532.0
2023-12-03,7361.0,1754.0,9115.0,8169.0
2023-12-04,6859.0,1637.0,8496.0,8349.0
2023-12-05,4490.0,1412.0,5902.0,6494.0
2023-12-06,5143.0,1378.0,6521.0,8014.0
2023-12-07,6227.0,1785.0,8012.0,9915.0
2023-12-08,5913.0,2122.0,8035.0,9354.0
2023-12-09,5917.0,1083.0,7000.0,7495.0
2023-12-10,9032.0,2439.0,11471.0,10078.0
2023-12-11,8761.0,2853.0,11614.0,9078.0
2023-12-12,4605.0,2025.0,6630.0,6199.0
2023-12-13,5169.0,1450.0,6619.0,6581.0
2023-12-14,6245.0,1303.0,7548.0,7856.0
2023-12-15,7389.0,1616.0,9005.0,9860.0
2023-12-16,7419.0,1857.0,9276.0,8624.0
2023-12-17,8957.0,2324.0,11281.0,8528.0
2023-12-18,8152.0,2043.0,10195.0,8240.0
2023-12-19,7007.0,1704.0,8711.0,6978.0
2023-12-20,8197.0,2137.0,10334.0,8105.0
2023-12-21,10493.0,2866.0,13359.0,10254.0
2023-12-22,10759.0,5993.0,16752.0,13896.0
2023-12-23,10621.0,10324.0,20945.0,13193.0
2023-12-24,6669.0,8291.0,14960.0,4887.0
2023-12-25,1735.0,625.0,2360.0,3070.0
2023-12-26,6569.0,2044.0,8613.0,10969.0
2023-12-27,7778.0,5468.0,13246.0,12289.0
2023-12-28,8467.0,5379.0,13846.0,13838.0
2023-12-29,8709.0,4783.0,13492.0,15820.0
2023-12-30,8298.0,4355.0,12653.0,14273.0
2023-12-31,5898.0,4580.0,10478.0,7645.0
2024-01-01,6885.0,429.0,7314.0,14336.0
2024-01-02,8219.0,2860.0,11079.0,14373.0
2024-01-03,7451.0,4250.0,11701.0,12938.0
2024-01-04,7316.0,3385.0,10701.0,13955.0
2024-01-05,7446.0,3134.0,10580.0,16860.0
2024-01-06,7612.0,3146.0,10758.0,15098.0
2024-01-07,9161.0,3857.0,13018.0,13434.0
2024-01-08,7007.0,3038.0,10045.0,11846.0
2024-01-09,3380.0,2309.0,5689.0,5780.0
2024-01-10,3629.0,1586.0,5215.0,6216.0
2024-01-11,3954.0,1971.0,5925.0,6057.0
2024-01-12,5679.0,1246.0,6925.0,8502.0
2024-01-13,5600.0,1432.0,7032.0,7091.0
2024-01-14,6539.0,2393.0,8932.0,7102.0
2024-01-15,6361.0,1940.0,8301.0,8012.0
2024-01-16,2933.0,1412.0,4345.0,3961.0
2024-01-17,4107.0,1203.0,5310.0,5525.0
2024-01-18,4612.0,1480.0,6092.0,6325.0
2024-01-19,6052.0,1247.0,7299.0,8747.0
2024-01-20,5663.0,1158.0,6821.0,7493.0
2024-01-21,6549.0,1371.0,7920.0,7735.0
2024-01-22,6424.0,1642.0,8066.0,7525.0
2024-01-23,3881.0,1402.0,5283.0,4700.0
2024-01-24,4392.0,1118.0,5510.0,5697.0
2024-01-25,4758.0,1352.0,6110.0,6558.0
2024-01-26,6902.0,1305.0,8207.0,9239.0
2024-01-27,5888.0,1453.0,7341.0,7666.0
2024-01-28,6759.0,1445.0,8204.0,7510.0
2024-01-29,7003.0,1628.0,8631.0,7785.0
2024-01-30,3738.0,1305.0,5043.0,4435.0
2024-01-31,4348.0,1189.0,5537.0,5459.0
2024-02-01,4578.0,1273.0,5851.0,6082.0
2024-02-02,6684.0,1413.0,8097.0,8795.0
2024-02-03,5927.0,1332.0,7259.0,7148.0
2024-02-04,6539.0,1544.0,8083.0,7994.0
2024-02-05,7152.0,1748.0,8900.0,8294.0
2024-02-06,4282.0,1471.0,5753.0,4990.0
2024-02-07,4673.0,1268.0,5941.0,5711.0
2024-02-08,5600.0,1586.0,7186.0,6943.0
2024-02-09,7243.0,1808.0,9051.0,9245.0
2024-02-10,7033.0,2019.0,9052.0,8478.0
2024-02-11,7054.0,1663.0,8717.0,7821.0
2024-02-12,7452.0,1892.0,9344.0,8890.0
2024-02-13,4903.0,1390.0,6293.0,5474.0
2024-02-14,4964.0,1353.0,6317.0,6878.0
2024-02-15,5783.0,1522.0,7305.0,7618.0
2024-02-16,5933.0,1440.0,7373.0,8274.0
2024-02-17,6202.0,1499.0,7701.0,7808.0
2024-02-18,7449.0,1899.0,9348.0,9259.0
2024-02-19,7484.0,1969.0,9453.0,8890.0
2024-02-20,4381.0,1570.0,5951.0,5786.0
2024-02-21,5580.0,1382.0,6962.0,6291.0
2024-02-22,6016.0,1575.0,7591.0,7548.0
2024-02-23,7900.0,1662.0,9562.0,9240.0
2024-02-24,7252.0,1638.0,8890.0,7951.0
2024-02-25,7850.0,1936.0,9786.0,9392.0
2024-02-26,5938.0,1884.0,7822.0,8025.0
2024-02-27,4297.0,1608.0,5905.0,5814.0
2024-02-28,4543.0,1226.0,5769.0,6752.0
2024-02-29,5367.0,1539.0,6906.0,7701.0
2024-03-01,7044.0,1565.0,8609.0,9568.0
2024-03-02,6088.0,1796.0,7884.0,8503.0
2024-03-03,7276.0,1734.0,9010.0,8598.0
2024-03-04,6893.0,2021.0,8914.0,8713.0
2024-03-05,4167.0,1711.0,5878.0,5258.0
2024-03-06,4482.0,1367.0,5849.0,6197.0
2024-03-07,5263.0,1375.0,6638.0,7189.0
2024-03-08,7253.0,1630.0,8883.0,9385.0
2024-03-09,6716.0,1679.0,8395.0,8447.0
2024-03-10,7387.0,1817.0,9204.0,9675.0
2024-03-11,7605.0,1977.0,9582.0,8813.0
2024-03-12,4294.0,1701.0,5995.0,5373.0
2024-03-13,4731.0,1444.0,6175.0,6162.0
2024-03-14,5962.0,2381.0,8343.0,7722.0
2024-03-15,7503.0,2025.0,9528.0,10209.0
2024-03-16,7633.0,1761.0,9394.0,9125.0
2024-03-17,8124.0,1856.0,9980.0,9367.0
2024-03-18,8370.0,2969.0,11339.0,9326.0
2024-03-19,4750.0,1810.0,6560.0,5791.0
2024-03-20,5061.0,1760.0,6821.0,6650.0
2024-03-21,6645.0,1615.0,8260.0,7803.0
2024-03-22,8372.0,2229.0,10601.0,9876.0
2024-03-23,7095.0,2632.0,9727.0,7581.0
2024-03-24,6623.0,5558.0,12181.0,7083.0
2024-03-25,8499.0,3694.0,12193.0,8435.0
2024-03-26,8131.0,2943.0,11074.0,7646.0
2024-03-27,9150.0,3785.0,12935.0,8054.0
2024-03-28,11889.0,6615.0,18504.0,13449.0
2024-03-29,10462.0,6103.0,16565.0,11246.0
2024-03-30,9444.0,6232.0,15676.0,10984.0
2024-03-31,12231.0,1856.0,14087.0,11109.0
2024-04-01,12089.0,2213.0,14302.0,18741.0
2024-04-02,13188.0,3882.0,17070.0,19948.0
2024-04-03,10625.0,4493.0,15118.0,15299.0
2024-04-04,11293.0,3469.0,14762.0,15368.0
2024-04-05,11384.0,2219.0,13603.0,15223.0
2024-04-06,8819.0,2839.0,11658.0,14074.0
2024-04-07,13083.0,3142.0,16225.0,18302.0
2024-04-08,11167.0,3238.0,14405.0,14930.0
2024-04-09,9114.0,2951.0,12065.0,11878.0
2024-04-10,8368.0,1930.0,10298.0,10207.0
2024-04-11,10779.0,2398.0,13177.0,13648.0
2024-04-12,13136.0,2221.0,15357.0,13968.0
2024-04-13,12607.0,3198.0,15805.0,15303.0
2024-04-14,12582.0,3080.0,15662.0,16551.0
2024-04-15,12027.0,3554.0,15581.0,14229.0
2024-04-16,10258.0,2853.0,13111.0,11783.0
2024-04-17,9138.0,2308.0,11446.0,10765.0
2024-04-18,12214.0,2346.0,14560.0,13417.0
2024-04-19,14337.0,3527.0,17864.0,15032.0
2024-04-20,13945.0,4676.0,18621.0,15497.0
2024-04-21,15144.0,5664.0,20808.0,17626.0
2024-04-22,12820.0,4258.0,17078.0,14039.0
2024-04-23,13774.0,4297.0,18071.0,12842.0
2024-04-24,13935.0,6287.0,20222.0,15177.0
2024-04-25,16763.0,13511.0,30274.0,16149.0
2024-04-26,15793.0,6333.0,22126.0,15926.0
2024-04-27,15805.0,5988.0,21793.0,21595.0
2024-04-28,17778.0,6064.0,23842.0,24004.0
2024-04-29,14941.0,5259.0,20200.0,18731.0
2024-04-30,13198.0,4602.0,17800.0,19294.0
2024-05-01,12941.0,6368.0,19309.0,18609.0
2024-05-02,9926.0,3798.0,13724.0,12890.0
2024-05-03,12794.0,3807.0,16601.0,18133.0
2024-05-04,16056.0,4651.0,20707.0,24104.0
2024-05-05,10655.0,4138.0,14793.0,16936.0
2024-05-06,0.0,3995.0,3995.0,3734.0
2024-05-07,0.0,4044.0,4044.0,2642.0
2024-05-08,0.0,3260.0,3260.0,2986.0
2024-05-09,0.0,4276.0,4276.0,4018.0
2024-05-10,0.0,4522.0,4522.0,4796.0
2024-05-11,0.0,5245.0,5245.0,5756.0
2024-05-12,0.0,3224.0,3224.0,2728.0
2024-05-13,14517.0,4672.0,19189.0,19096.0
2024-05-14,12762.0,4310.0,17072.0,15479.0
2024-05-15,12531.0,3539.0,16070.0,14249.0
2024-05-16,16682.0,5262.0,21944.0,18125.0
2024-05-17,16823.0,4584.0,21407.0,17789.0
2024-05-18,18322.0,7521.0,25843.0,20365.0
2024-05-19,18168.0,11611.0,29779.0,22821.0
2024-05-20,17187.0,8447.0,25634.0,19335.0
2024-05-21,14450.0,7900.0,22350.0,16316.0
2024-05-22,14787.0,5128.0,19915.0,15031.0
2024-05-23,17456.0,6321.0,23777.0,19323.0
2024-05-24,18380.0,6091.0,24471.0,21750.0
2024-05-25,20163.0,7187.0,27350.0,23794.0
2024-05-26,20072.0,6511.0,26583.0,23334.0
2024-05-27,17410.0,6304.0,23714.0,21420.0
2024-05-28,14826.0,7134.0,21960.0,18594.0
2024-05-29,15830.0,5436.0,21266.0,19306.0
2024-05-30,18439.0,7936.0,26375.0,24269.0
2024-05-31,19564.0,9482.0,29046.0,29299.0
2024-06-01,22939.0,10881.0,33820.0,31289.0
2024-06-02,21245.0,9677.0,30922.0,29943.0
2024-06-03,18486.0,6750.0,25236.0,23341.0
2024-06-04,16930.0,8187.0,25117.0,20029.0
2024-06-05,17151.0,5462.0,22613.0,18526.0
2024-06-06,19235.0,6648.0,25883.0,22610.0
2024-06-07,11533.0,8784.0,20317.0,16710.0
2024-06-08,25106.0,15645.0,40751.0,33099.0
2024-06-09,23324.0,12924.0,36248.0,29554.0
2024-06-10,19006.0,11532.0,30538.0,25338.0
2024-06-11,18234.0,10357.0,28591.0,21945.0
2024-06-12,19683.0,8291.0,27974.0,21287.0
2024-06-13,21032.0,11002.0,32034.0,24688.0
2024-06-14,21455.0,15633.0,37088.0,28206.0
2024-06-15,27393.0,19342.0,46735.0,39521.0
2024-06-16,25572.0,16463.0,42035.0,35887.0
2024-06-17,19772.0,13230.0,33002.0,28071.0
2024-06-18,19167.0,12091.0,31258.0,25526.0
2024-06-19,20590.0,10138.0,30728.0,23259.0
2024-06-20,21887.0,12612.0,34499.0,28228.0
2024-06-21,22773.0,17887.0,40660.0,30895.0
2024-06-22,29321.0,24043.0,53364.0,45803.0
2024-06-23,27208.0,19617.0,46825.0,40651.0
2024-06-24,23197.0,15098.0,38295.0,34209.0
2024-06-25,21842.0,13384.0,35226.0,28508.0
2024-06-26,23289.0,11273.0,34562.0,28056.0
2024-06-27,24662.0,13280.0,37942.0,32168.0
2024-06-28,24954.0,19652.0,44606.0,38426.0
2024-06-29,29743.0,24347.0,54090.0,52124.0
2024-06-30,29356.0,23746.0,53102.0,50061.0
2024-07-01,24365.0,17722.0,42087.0,35052.0
2024-07-02,22687.0,16893.0,39580.0,30196.0
2024-07-03,24213.0,13863.0,38076.0,29192.0
2024-07-04,25374.0,13653.0,39027.0,30970.0
2024-07-05,27484.0,20350.0,47834.0,38369.0
2024-07-06,32148.0,24508.0,56656.0,50174.0
2024-07-07,29491.0,21781.0,51272.0,48346.0
2024-07-08,24915.0,17907.0,42822.0,38163.0
2024-07-09,23154.0,15066.0,38220.0,32524.0
2024-07-10,25731.0,14106.0,39837.0,33816.0
2024-07-11,26965.0,13654.0,40619.0,35659.0
2024-07-12,27281.0,20942.0,48223.0,43258.0
2024-07-13,33155.0,25767.0,58922.0,55106.0
2024-07-14,30972.0,23648.0,54620.0,50753.0
2024-07-15,25558.0,21808.0,47366.0,41333.0
2024-07-16,24687.0,19065.0,43752.0,35789.0
2024-07-17,27553.0,16193.0,43746.0,33688.0
2024-07-18,27465.0,14921.0,42386.0,35782.0
2024-07-19,26810.0,21215.0,48025.0,41325.0
2024-07-20,32208.0,26722.0,58930.0,54072.0
2024-07-21,30019.0,23699.0,53718.0,49715.0
2024-07-22,25294.0,20433.0,45727.0,40949.0
2024-07-23,24012.0,19585.0,43597.0,37229.0
2024-07-24,27171.0,16562.0,43733.0,36961.0
2024-07-25,26839.0,15443.0,42282.0,38527.0
2024-07-26,27878.0,22611.0,50489.0,46583.0
2024-07-27,32416.0,27881.0,60297.0,58932.0
2024-07-28,29736.0,23527.0,53263.0,54001.0
2024-07-29,24872.0,21292.0,46164.0,45305.0
2024-07-30,23998.0,20948.0,44946.0,42008.0
2024-07-31,27011.0,21776.0,48787.0,42801.0
2024-08-01,26943.0,23169.0,50112.0,37194.0
2024-08-02,14563.0,30078.0,44641.0,30127.0
2024-08-03,33081.0,32650.0,65731.0,55048.0
2024-08-04,31790.0,31648.0,63438.0,48445.0
2024-08-05,26302.0,21093.0,47395.0,37099.0
2024-08-06,24917.0,29644.0,54561.0,36129.0
2024-08-07,26309.0,24638.0,50947.0,34691.0
2024-08-08,27062.0,24633.0,51695.0,39398.0
2024-08-09,28185.0,28906.0,57091.0,44330.0
2024-08-10,32350.0,31345.0,63695.0,57943.0
2024-08-11,29979.0,30311.0,60290.0,52798.0
2024-08-12,25934.0,26116.0,52050.0,43220.0
2024-08-13,24556.0,30792.0,55348.0,44238.0
2024-08-14,25958.0,21039.0,46997.0,42261.0
2024-08-15,24026.0,19545.0,43571.0,46931.0
2024-08-16,25884.0,23804.0,49688.0,55732.0
2024-08-17,30157.0,27830.0,57987.0,65219.0
2024-08-18,29049.0,25563.0,54612.0,63839.0
2024-08-19,24376.0,18490.0,42866.0,50212.0
2024-08-20,22158.0,20526.0,42684.0,54834.0
2024-08-21,22558.0,12642.0,35200.0,53502.0
2024-08-22,22227.0,12401.0,34628.0,56582.0
2024-08-23,23893.0,16791.0,40684.0,59651.0
2024-08-24,28863.0,21851.0,50714.0,65113.0
2024-08-25,26800.0,18852.0,45652.0,67116.0
2024-08-26,21315.0,13978.0,35293.0,57229.0
2024-08-27,17678.0,14665.0,32343.0,56527.0
2024-08-28,19254.0,9403.0,28657.0,50490.0
2024-08-29,19787.0,10075.0,29862.0,49936.0
2024-08-30,23058.0,13229.0,36287.0,57328.0
2024-08-31,29388.0,24010.0,53398.0,63330.0
2024-09-01,27699.0,22353.0,50052.0,63068.0
2024-09-02,21483.0,4326.0,25809.0,31607.0
2024-09-03,18528.0,6102.0,24630.0,29338.0
2024-09-04,19317.0,3315.0,22632.0,26992.0
2024-09-05,22058.0,851.0,22909.0,25423.0
2024-09-06,23068.0,1139.0,24207.0,25997.0
2024-09-07,27570.0,1808.0,29378.0,32417.0
2024-09-08,25249.0,1638.0,26887.0,31368.0
2024-09-09,20215.0,827.0,21042.0,23618.0
2024-09-10,18574.0,1812.0,20386.0,22938.0
2024-09-11,18782.0,1008.0,19790.0,21717.0
2024-09-12,19744.0,7131.0,26875.0,34540.0
2024-09-13,21901.0,6817.0,28718.0,36649.0
2024-09-14,25390.0,15611.0,41001.0,51233.0
2024-09-15,23538.0,11882.0,35420.0,41861.0
2024-09-16,19824.0,11117.0,30941.0,33725.0
2024-09-17,15936.0,9038.0,24974.0,28650.0
2024-09-18,17459.0,6976.0,24435.0,28795.0
2024-09-19,19994.0,6438.0,26432.0,30816.0
2024-09-20,20595.0,7739.0,28334.0,34341.0
2024-09-21,22264.0,11340.0,33604.0,43054.0
2024-09-22,21094.0,10275.0,31369.0,38120.0
2024-09-23,17450.0,8330.0,25780.0,30015.0
2024-09-24,14720.0,7541.0,22261.0,27175.0
2024-09-25,16435.0,5389.0,21824.0,27719.0
2024-09-26,18628.0,5869.0,24497.0,30824.0
2024-09-27,19134.0,6295.0,25429.0,30594.0
2024-09-28,20741.0,8662.0,29403.0,37909.0
2024-09-29,19130.0,9108.0,28238.0,34941.0
2024-09-30,15268.0,6332.0,21600.0,29150.0
2024-10-01,12814.0,1675.0,14489.0,19552.0
2024-10-02,13591.0,1630.0,15221.0,18236.0
2024-10-03,16796.0,4939.0,21735.0,26897.0
2024-10-04,17677.0,5782.0,23459.0,27652.0
2024-10-05,18288.0,7248.0,25536.0,30726.0
2024-10-06,17922.0,7459.0,25381.0,27623.0
2024-10-07,14328.0,5779.0,20107.0,23652.0
2024-10-08,12168.0,5186.0,17354.0,21664.0
2024-10-09,11902.0,3331.0,15233.0,20198.0
2024-10-10,15192.0,4098.0,19290.0,25590.0
2024-10-11,16367.0,2988.0,19355.0,25810.0
2024-10-12,17076.0,4905.0,21981.0,28137.0
2024-10-13,16841.0,6033.0,22874.0,25017.0
2024-10-14,13967.0,4932.0,18899.0,22088.0
2024-10-15,11836.0,4087.0,15923.0,19841.0
2024-10-16,10815.0,2704.0,13519.0,17677.0
2024-10-17,14291.0,3518.0,17809.0,22086.0
2024-10-18,15222.0,2555.0,17777.0,21740.0
2024-10-19,16000.0,2348.0,18348.0,21673.0
2024-10-20,14765.0,3624.0,18389.0,22538.0
2024-10-21,13277.0,0.0,13277.0,16042.0
2024-10-22,10364.0,0.0,10364.0,14540.0
2024-10-23,8964.0,78.0,9042.0,13285.0
2024-10-24,11632.0,0.0,11632.0,14701.0
2024-10-25,12701.0,0.0,12701.0,15548.0
2024-10-26,13915.0,0.0,13915.0,17323.0
2024-10-27,10202.0,563.0,10765.0,11570.0
2024-10-28,8343.0,618.0,8961.0,9969.0
2024-10-29,7012.0,277.0,7289.0,10198.0
2024-10-30,7623.0,639.0,8262.0,11427.0
2024-10-31,9941.0,872.0,10813.0,13861.0
2024-11-01,8223.0,1236.0,9459.0,12992.0
2024-11-02,7295.0,664.0,7959.0,11383.0
2024-11-03,10632.0,1884.0,12516.0,13353.0
2024-11-04,9527.0,1008.0,10535.0,11929.0
2024-11-05,4613.0,2941.0,7554.0,7776.0
2024-11-06,5025.0,1794.0,6819.0,7959.0
2024-11-07,6124.0,1822.0,7946.0,9980.0
2024-11-08,8227.0,1688.0,9915.0,12057.0
2024-11-09,6959.0,2002.0,8961.0,9935.0
2024-11-10,8924.0,1725.0,10649.0,10362.0
2024-11-11,8350.0,2301.0,10651.0,10296.0
2024-11-12,4601.0,2328.0,6929.0,6448.0
2024-11-13,4759.0,1416.0,6175.0,6380.0
2024-11-14,6108.0,1445.0,7553.0,8931.0
2024-11-15,7941.0,1629.0,9570.0,11044.0
2024-11-16,6536.0,1405.0,7941.0,8888.0
2024-11-17,8524.0,1316.0,9840.0,9664.0
2024-11-18,8359.0,1319.0,9678.0,9570.0
2024-11-19,4751.0,1435.0,6186.0,5363.0
2024-11-20,4943.0,1239.0,6182.0,7259.0
2024-11-21,6348.0,1470.0,7818.0,8607.0
2024-11-22,8222.0,1224.0,9446.0,11341.0
2024-11-23,6633.0,1472.0,8105.0,9234.0
2024-11-24,8883.0,1508.0,10391.0,9356.0
2024-11-25,8603.0,2099.0,10702.0,9994.0
2024-11-26,5032.0,1690.0,6722.0,6803.0
2024-11-27,5314.0,1446.0,6760.0,7268.0
2024-11-28,6668.0,1693.0,8361.0,9255.0
2024-11-29,7163.0,1848.0,9011.0,10264.0
2024-11-30,6933.0,1413.0,8346.0,8975.0
2024-12-01,8398.0,1503.0,9901.0,9084.0
2024-12-02,7849.0,1865.0,9714.0,10266.0
2024-12-03,4560.0,1637.0,6197.0,6017.0
2024-12-04,4702.0,1539.0,6241.0,7059.0
2024-12-05,6046.0,1321.0,7367.0,9476.0
2024-12-06,7783.0,1584.0,9367.0,11704.0
2024-12-07,6576.0,1675.0,8251.0,8005.0
2024-12-08,6978.0,1065.0,8043.0,7404.0
2024-12-09,8912.0,2047.0,10959.0,9627.0
2024-12-10,5121.0,1841.0,6962.0,6478.0
2024-12-11,5236.0,1302.0,6538.0,6692.0
2024-12-12,7136.0,0.0,7136.0,6767.0
2024-12-13,8059.0,0.0,8059.0,8290.0
2024-12-14,7277.0,0.0,7277.0,6821.0
2024-12-15,8471.0,1630.0,10101.0,8341.0
2024-12-16,9093.0,2596.0,11689.0,9337.0
2024-12-17,5145.0,1649.0,6794.0,6258.0
2024-12-18,5655.0,1955.0,7610.0,6872.0
2024-12-19,10140.0,2497.0,12637.0,10884.0
2024-12-20,11140.0,4386.0,15526.0,12543.0
2024-12-21,10867.0,6186.0,17053.0,12295.0
2024-12-22,11003.0,8418.0,19421.0,10907.0
2024-12-23,10399.0,5362.0,15761.0,10063.0
2024-12-24,6227.0,5773.0,12000.0,5301.0
2024-12-25,1566.0,635.0,2201.0,2176.0
2024-12-26,8706.0,2077.0,10783.0,11158.0
2024-12-27,9707.0,5133.0,14840.0,12212.0
2024-12-28,8690.0,7002.0,15692.0,12835.0
2024-12-29,9893.0,6054.0,15947.0,13276.0
2024-12-30,9469.0,3771.0,13240.0,14358.0
2024-12-31,6530.0,4227.0,10757.0,7967.0
2025-01-01,6447.0,476.0,6923.0,12406.0
2025-01-02,9541.0,2436.0,11977.0,16434.0
2025-01-03,8706.0,4223.0,12929.0,18996.0
2025-01-04,7764.0,3850.0,11614.0,16454.0
2025-01-05,9252.0,4560.0,13812.0,16985.0
2025-01-06,9278.0,4287.0,13565.0,15446.0
2025-01-07,6489.0,2781.0,9270.0,10170.0
2025-01-08,3436.0,2251.0,5687.0,6644.0
2025-01-09,3631.0,1643.0,5274.0,5539.0
2025-01-10,6386.0,1615.0,8001.0,10241.0
2025-01-11,5087.0,1563.0,6650.0,7874.0
2025-01-12,6810.0,2285.0,9095.0,7764.0
2025-01-13,6631.0,1741.0,8372.0,7881.0
2025-01-14,3526.0,1433.0,4959.0,4922.0
2025-01-15,3656.0,1360.0,5016.0,5820.0
2025-01-16,4019.0,1324.0,5343.0,5732.0
2025-01-17,7000.0,1309.0,8309.0,9565.0
2025-01-18,5252.0,1051.0,6303.0,7063.0
2025-01-19,6952.0,1438.0,8390.0,7813.0
2025-01-20,6919.0,1831.0,8750.0,8311.0
2025-01-21,3637.0,1519.0,5156.0,4744.0
2025-01-22,3700.0,1362.0,5062.0,5368.0
2025-01-23,4230.0,1226.0,5456.0,5832.0
2025-01-24,7384.0,1386.0,8770.0,9984.0
2025-01-25,5727.0,1362.0,7089.0,6813.0
2025-01-26,7379.0,1310.0,8689.0,7656.0
2025-01-27,7249.0,1739.0,8988.0,8398.0
2025-01-28,3798.0,1325.0,5123.0,4983.0
2025-01-29,3912.0,1174.0,5086.0,5901.0
2025-01-30,4651.0,1315.0,5966.0,5973.0
2025-01-31,7758.0,1533.0,9291.0,9974.0
2025-02-01,6012.0,1365.0,7377.0,7657.0
2025-02-02,7951.0,1410.0,9361.0,8362.0
2025-02-03,7527.0,1641.0,9168.0,7831.0
2025-02-04,4195.0,1425.0,5620.0,5080.0
2025-02-05,4097.0,1322.0,5419.0,5511.0
2025-02-06,5444.0,1096.0,6540.0,7191.0
2025-02-07,7369.0,1373.0,8742.0,9779.0
2025-02-08,6091.0,1322.0,7413.0,7429.0
2025-02-09,8026.0,1422.0,9448.0,8367.0
2025-02-10,7338.0,1909.0,9247.0,8323.0
2025-02-11,4434.0,1578.0,6012.0,5298.0
2025-02-12,4814.0,1315.0,6129.0,6302.0
2025-02-13,5810.0,1277.0,7087.0,7900.0
2025-02-14,7550.0,1463.0,9013.0,10123.0
2025-02-15,6704.0,1430.0,8134.0,8109.0
2025-02-16,8261.0,1857.0,10118.0,9276.0
2025-02-17,7959.0,2278.0,10237.0,8775.0
2025-02-18,5516.0,1815.0,7331.0,6312.0
2025-02-19,5310.0,1489.0,6799.0,6483.0
2025-02-20,6743.0,1686.0,8429.0,8613.0
2025-02-21,8342.0,1940.0,10282.0,10435.0
2025-02-22,6802.0,1757.0,8559.0,8045.0
2025-02-23,8461.0,1731.0,10192.0,9353.0
2025-02-24,8155.0,2342.0,10497.0,9745.0
2025-02-25,4800.0,1594.0,6394.0,5682.0
2025-02-26,5025.0,1457.0,6482.0,6194.0
2025-02-27,6382.0,1179.0,7561.0,8075.0
2025-02-28,8954.0,2058.0,11012.0,11221.0
2025-03-01,7842.0,2252.0,10094.0,9800.0
2025-03-02,8601.0,1852.0,10453.0,9597.0
2025-03-03,8480.0,2788.0,11268.0,9991.0
2025-03-04,6312.0,2157.0,8469.0,6972.0
2025-03-05,5984.0,1892.0,7876.0,8260.0
2025-03-06,6452.0,2076.0,8528.0,8736.0
2025-03-07,8520.0,1846.0,10366.0,11398.0
2025-03-08,6684.0,1541.0,8225.0,8516.0
2025-03-09,8345.0,1702.0,10047.0,10106.0
2025-03-10,7797.0,2401.0,10198.0,10078.0
2025-03-11,5072.0,1664.0,6736.0,6793.0
2025-03-12,5566.0,1511.0,7077.0,7390.0
2025-03-13,6459.0,1714.0,8173.0,8541.0
2025-03-14,8654.0,1725.0,10379.0,11171.0
2025-03-15,6909.0,1653.0,8562.0,9042.0
2025-03-16,8788.0,1634.0,10422.0,10952.0
2025-03-17,8618.0,2472.0,11090.0,9651.0
2025-03-18,5127.0,1853.0,6980.0,6150.0
2025-03-19,5856.0,1629.0,7485.0,6954.0
2025-03-20,6658.0,2653.0,9311.0,8645.0
2025-03-21,8988.0,2088.0,11076.0,10876.0
2025-03-22,7261.0,1610.0,8871.0,8393.0
2025-03-23,8910.0,1991.0,10901.0,10844.0
2025-03-24,8176.0,2894.0,11070.0,9791.0
2025-03-25,5265.0,1855.0,7120.0,6346.0
2025-03-26,5820.0,1874.0,7694.0,7117.0
2025-03-27,6939.0,1602.0,8541.0,9060.0
2025-03-28,8959.0,3330.0,12289.0,11873.0
2025-03-29,7137.0,1864.0,9001.0,8227.0
2025-03-30,12587.0,1908.0,14495.0,12454.0
2025-03-31,11095.0,2996.0,14091.0,12025.0
2025-04-01,9191.0,2357.0,11548.0,9436.0
2025-04-02,10722.0,2185.0,12907.0,10433.0
2025-04-03,10522.0,2529.0,13051.0,11374.0
2025-04-04,14063.0,2709.0,16772.0,14457.0
2025-04-05,13127.0,2746.0,15873.0,13370.0
2025-04-06,13062.0,3281.0,16343.0,13761.0
2025-04-07,12375.0,3376.0,15751.0,13441.0
2025-04-08,10001.0,2837.0,12838.0,10651.0
2025-04-09,11886.0,2750.0,14636.0,10986.0
2025-04-10,11976.0,2857.0,14833.0,12416.0
2025-04-11,15068.0,3553.0,18621.0,15930.0
2025-04-12,14979.0,4995.0,19974.0,15257.0
2025-04-13,15472.0,5483.0,20955.0,14437.0
2025-04-14,13861.0,5085.0,18946.0,13455.0
2025-04-15,12985.0,4289.0,17274.0,12243.0
2025-04-16,15707.0,4856.0,20563.0,14933.0
2025-04-17,15808.0,8994.0,24802.0,17544.0
2025-04-18,19095.0,10151.0,29246.0,19580.0
2025-04-19,16940.0,13867.0,30807.0,21350.0
2025-04-20,14545.0,5513.0,20058.0,15444.0
2025-04-21,14000.0,4745.0,18745.0,19700.0
2025-04-22,13479.0,5094.0,18573.0,19288.0
2025-04-23,13627.0,6165.0,19792.0,19963.0
2025-04-24,13514.0,6293.0,19807.0,22899.0
2025-04-25,15383.0,7190.0,22573.0,26023.0
2025-04-26,14704.0,6166.0,20870.0,28695.0
2025-04-27,16752.0,6200.0,22952.0,26187.0
2025-04-28,15528.0,5938.0,21466.0,20372.0
2025-04-29,13227.0,5309.0,18536.0,16545.0
2025-04-30,16218.0,4529.0,20747.0,18493.0
2025-05-01,15407.0,9670.0,25077.0,18302.0
2025-05-02,15307.0,4026.0,19333.0,21351.0
2025-05-03,16300.0,4731.0,21031.0,28716.0
2025-05-04,17230.0,4311.0,21541.0,25855.0
2025-05-05,13848.0,4841.0,18689.0,21654.0
2025-05-06,11676.0,3980.0,15656.0,18171.0
2025-05-07,13591.0,3667.0,17258.0,15434.0
2025-05-08,14382.0,2408.0,16790.0,15732.0
2025-05-09,16533.0,3501.0,20034.0,19871.0
2025-05-10,17000.0,2729.0,19729.0,19745.0
2025-05-11,16382.0,4095.0,20477.0,20184.0
2025-05-12,14916.0,4146.0,19062.0,18170.0
2025-05-13,12530.0,4545.0,17075.0,15691.0
2025-05-14,14024.0,3054.0,17078.0,15519.0
2025-05-15,15144.0,5567.0,20711.0,17634.0
2025-05-16,17799.0,4197.0,21996.0,19059.0
2025-05-17,18211.0,5429.0,23640.0,20565.0
2025-05-18,17140.0,4542.0,21682.0,20102.0
2025-05-19,16098.0,5327.0,21425.0,19213.0
2025-05-20,13938.0,5201.0,19139.0,16083.0
2025-05-21,15832.0,4512.0,20344.0,15745.0
2025-05-22,16097.0,5707.0,21804.0,17778.0
2025-05-23,19469.0,5860.0,25329.0,20213.0
2025-05-24,20702.0,6873.0,27575.0,22173.0
2025-05-25,19324.0,6421.0,25745.0,21027.0
2025-05-26,17577.0,6490.0,24067.0,20095.0
2025-05-27,16031.0,7057.0,23088.0,16896.0
2025-05-28,19102.0,6372.0,25474.0,17690.0
2025-05-29,18818.0,8818.0,27636.0,19761.0
2025-05-30,23156.0,10505.0,33661.0,25602.0
2025-05-31,23471.0,14672.0,38143.0,29372.0
2025-06-01,22085.0,8574.0,30659.0,24663.0
2025-06-02,20828.0,8465.0,29293.0,29432.0
2025-06-03,19163.0,8961.0,28124.0,26238.0
2025-06-04,19615.0,7489.0,27104.0,22167.0
2025-06-05,19358.0,8168.0,27526.0,21140.0
2025-06-06,23336.0,10071.0,33407.0,27162.0
2025-06-07,24733.0,17428.0,42161.0,32903.0
2025-06-08,24330.0,17207.0,41537.0,33261.0
2025-06-09,20487.0,13670.0,34157.0,27686.0
2025-06-10,19691.0,10460.0,30151.0,24740.0
2025-06-11,21054.0,9433.0,30487.0,23437.0
2025-06-12,19575.0,10286.0,29861.0,24845.0
2025-06-13,23627.0,12345.0,35972.0,29314.0
2025-06-14,25297.0,16939.0,42236.0,37370.0
2025-06-15,25135.0,13716.0,38851.0,32974.0
2025-06-16,21401.0,12444.0,33845.0,29414.0
2025-06-17,21443.0,11305.0,32748.0,27954.0
2025-06-18,22135.0,9262.0,31397.0,27768.0
2025-06-19,21767.0,12569.0,34336.0,31995.0
2025-06-20,24888.0,16923.0,41811.0,39393.0
2025-06-21,26412.0,22603.0,49015.0,44267.0
2025-06-22,25628.0,16950.0,42578.0,37750.0
2025-06-23,24394.0,13588.0,37982.0,33140.0
2025-06-24,22179.0,13802.0,35981.0,29636.0
2025-06-25,24367.0,11105.0,35472.0,29747.0
2025-06-26,23601.0,11518.0,35119.0,29303.0
2025-06-27,28440.0,17564.0,46004.0,39005.0
2025-06-28,28726.0,21107.0,49833.0,47355.0
2025-06-29,28474.0,20875.0,49349.0,46843.0
2025-06-30,25568.0,17810.0,43378.0,39416.0
2025-07-01,23723.0,17577.0,41300.0,31655.0
2025-07-02,24070.0,13767.0,37837.0,30229.0
2025-07-03,23141.0,14038.0,37179.0,28952.0
2025-07-04,29490.0,20481.0,49971.0,38916.0
2025-07-05,31209.0,23572.0,54781.0,46495.0
2025-07-06,29396.0,21074.0,50470.0,43927.0
2025-07-07,26373.0,17683.0,44056.0,36433.0
2025-07-08,25033.0,17184.0,42217.0,34907.0
2025-07-09,26889.0,13235.0,40124.0,33453.0
2025-07-10,22820.0,13591.0,36411.0,31806.0
2025-07-11,31132.0,20235.0,51367.0,44992.0
2025-07-12,31866.0,24197.0,56063.0,51898.0
2025-07-13,29016.0,22766.0,51782.0,47423.0
2025-07-14,27434.0,20638.0,48072.0,41633.0
2025-07-15,25738.0,18249.0,43987.0,38555.0
2025-07-16,27710.0,15314.0,43024.0,36060.0
2025-07-17,25691.0,14855.0,40546.0,35072.0
2025-07-18,30833.0,21120.0,51953.0,44714.0
2025-07-19,31521.0,25717.0,57238.0,51419.0
2025-07-20,28948.0,23672.0,52620.0,49029.0
2025-07-21,25774.0,20781.0,46555.0,41708.0
2025-07-22,24881.0,18347.0,43228.0,37395.0
2025-07-23,27380.0,14913.0,42293.0,37528.0
2025-07-24,25380.0,15653.0,41033.0,36240.0
2025-07-25,30790.0,20710.0,51500.0,47061.0
2025-07-26,31165.0,24885.0,56050.0,53883.0
2025-07-27,28865.0,20717.0,49582.0,50957.0
2025-07-28,26217.0,17734.0,43951.0,43398.0
2025-07-29,25206.0,20293.0,45499.0,43818.0
2025-07-30,27854.0,16852.0,44706.0,42013.0
2025-07-31,26478.0,22083.0,48561.0,42788.0
2025-08-01,31312.0,25291.0,56603.0,46188.0
2025-08-02,32934.0,32024.0,64958.0,56212.0
2025-08-03,31233.0,25808.0,57041.0,46792.0
2025-08-04,27941.0,21457.0,49398.0,41611.0
2025-08-05,26711.0,29033.0,55744.0,37000.0
2025-08-06,27717.0,20360.0,48077.0,34838.0
2025-08-07,26042.0,22039.0,48081.0,36280.0
2025-08-08,30968.0,27785.0,58753.0,45250.0
2025-08-09,32411.0,33374.0,65785.0,53917.0
2025-08-10,29891.0,28571.0,58462.0,48507.0
2025-08-11,27158.0,23213.0,50371.0,41464.0
2025-08-12,25830.0,30037.0,55867.0,42600.0
2025-08-13,26492.0,23465.0,49957.0,43876.0
2025-08-14,24777.0,19821.0,44598.0,44251.0
2025-08-15,26827.0,21884.0,48711.0,50233.0
2025-08-16,29174.0,23594.0,52768.0,61994.0
2025-08-17,28489.0,22211.0,50700.0,53739.0
2025-08-18,26220.0,19173.0,45393.0,51584.0
2025-08-19,23542.0,21289.0,44831.0,53749.0
2025-08-20,23888.0,14997.0,38885.0,52793.0
2025-08-21,21737.0,12101.0,33838.0,51807.0
2025-08-22,26540.0,15037.0,41577.0,59729.0
2025-08-23,28434.0,20137.0,48571.0,66448.0
2025-08-24,26602.0,18729.0,45331.0,61938.0
2025-08-25,22252.0,14533.0,36785.0,54884.0
2025-08-26,19527.0,15777.0,35304.0,57985.0
2025-08-27,20241.0,9570.0,29811.0,51495.0
2025-08-28,11000.0,10519.0,21519.0,38606.0
2025-08-29,24988.0,13533.0,38521.0,59106.0
2025-08-30,27750.0,20101.0,47851.0,64440.0
2025-08-31,26249.0,21397.0,47646.0,58782.0
2025-09-01,21554.0,18491.0,40045.0,50276.0
2025-09-02,19715.0,15291.0,35006.0,48255.0
2025-09-03,20556.0,10654.0,31210.0,42389.0
2025-09-04,20651.0,10030.0,30681.0,41462.0
2025-09-05,24350.0,11539.0,35889.0,47683.0
2025-09-06,25849.0,15925.0,41774.0,51711.0
2025-09-07,25364.0,14168.0,39532.0,49665.0
2025-09-08,21968.0,12155.0,34123.0,43499.0
2025-09-09,18712.0,9702.0,28414.0,37555.0
2025-09-10,19191.0,8285.0,27476.0,35011.0
2025-09-11,19562.0,7887.0,27449.0,35994.0
2025-09-12,24369.0,8825.0,33194.0,42403.0
2025-09-13,24602.0,12810.0,37412.0,48888.0
2025-09-14,23250.0,12242.0,35492.0,42611.0
2025-09-15,20923.0,11056.0,31979.0,35939.0
2025-09-16,18463.0,9120.0,27583.0,29569.0
2025-09-17,18742.0,7622.0,26364.0,29433.0
2025-09-18,19336.0,6905.0,26241.0,29786.0
2025-09-19,24530.0,8702.0,33232.0,35404.0
2025-09-20,23916.0,12527.0,36443.0,41380.0
2025-09-21,21270.0,10353.0,31623.0,35919.0
2025-09-22,19525.0,9569.0,29094.0,32982.0
2025-09-23,16916.0,7065.0,23981.0,28359.0
2025-09-24,17797.0,6354.0,24151.0,29900.0
2025-09-25,18962.0,5198.0,24160.0,28592.0
2025-09-26,22236.0,7691.0,29927.0,35244.0
2025-09-27,21640.0,8885.0,30525.0,38866.0
2025-09-28,20235.0,8844.0,29079.0,36758.0
2025-09-29,16803.0,6722.0,23525.0,31728.0
2025-09-30,14683.0,5394.0,20077.0,29403.0
2025-10-01,15915.0,5467.0,21382.0,26313.0
2025-10-02,17548.0,5118.0,22666.0,26576.0
2025-10-03,20034.0,4970.0,25004.0,29485.0
2025-10-04,19023.0,8482.0,27505.0,32363.0
2025-10-05,19070.0,8004.0,27074.0,28832.0
2025-10-06,16932.0,6312.0,23244.0,25870.0
2025-10-07,13919.0,5708.0,19627.0,24057.0
2025-10-08,14709.0,3025.0,17734.0,22582.0
2025-10-09,15623.0,3890.0,19513.0,25185.0
2025-10-10,18828.0,3671.0,22499.0,29268.0
2025-10-11,18639.0,4760.0,23399.0,29750.0
2025-10-12,18291.0,6756.0,25047.0,27032.0
2025-10-13,15752.0,4720.0,20472.0,23003.0
2025-10-14,12153.0,4502.0,16655.0,21654.0
2025-10-15,13663.0,2524.0,16187.0,21022.0
2025-10-16,14548.0,3767.0,18315.0,23108.0
2025-10-17,17765.0,3039.0,20804.0,25913.0
2025-10-18,17142.0,4279.0,21421.0,25825.0
2025-10-19,17444.0,4534.0,21978.0,24294.0
2025-10-20,14483.0,4678.0,19161.0,21511.0
2025-10-21,11156.0,3440.0,14596.0,17758.0
2025-10-22,11489.0,3259.0,14748.0,18928.0
2025-10-23,11853.0,2706.0,14559.0,20192.0
2025-10-24,15627.0,2290.0,17917.0,25889.0
2025-10-25,14957.0,4554.0,19511.0,25480.0
2025-10-26,10296.0,4223.0,14519.0,16434.0
2025-10-27,9601.0,2314.0,11915.0,14757.0
2025-10-28,8247.0,378.0,8625.0,11928.0
2025-10-29,7471.0,701.0,8172.0,11746.0
2025-10-30,8129.0,2509.0,10638.0,16276.0
2025-10-31,9490.0,2351.0,11841.0,19130.0
2025-11-01,7751.0,2200.0,9951.0,14280.0
2025-11-02,9532.0,2714.0,12246.0,14582.0
2025-11-03,10108.0,2729.0,12837.0,13915.0
2025-11-04,4600.0,2771.0,7371.0,7598.0
2025-11-05,4359.0,1741.0,6100.0,7047.0
2025-11-06,6093.0,2046.0,8139.0,11005.0
2025-11-07,9108.0,1634.0,10742.0,13218.0
2025-11-08,6988.0,1521.0,8509.0,10318.0
2025-11-09,8831.0,1853.0,10684.0,10211.0
2025-11-10,9705.0,607.0,10312.0,9820.0
2025-11-11,4508.0,1019.0,5527.0,5306.0
2025-11-12,4362.0,613.0,4975.0,5466.0
2025-11-13,6738.0,2169.0,8907.0,10237.0
2025-11-14,9293.0,1977.0,11270.0,12425.0
2025-11-15,6688.0,1942.0,8630.0,10218.0
2025-11-16,8573.0,1906.0,10479.0,10106.0
2025-11-17,9137.0,1806.0,10943.0,10859.0
2025-11-18,4736.0,2395.0,7131.0,6437.0
2025-11-19,4405.0,1507.0,5912.0,6575.0
2025-11-20,6478.0,1926.0,8404.0,9931.0
2025-11-21,9025.0,569.0,9594.0,10758.0
2025-11-22,6699.0,628.0,7327.0,8267.0
2025-11-23,8835.0,773.0,9608.0,8864.0
2025-11-24,9940.0,412.0,10352.0,9561.0
2025-11-25,4893.0,597.0,5490.0,5141.0
2025-11-26,4549.0,526.0,5075.0,5380.0
2025-11-27,6326.0,709.0,7035.0,8108.0
2025-11-28,8617.0,597.0,9214.0,10749.0
2025-11-29,6734.0,559.0,7293.0,8064.0
2025-11-30,8606.0,713.0,9319.0,8600.0
2025-12-01,8053.0,1761.0,9814.0,9429.0
2025-12-02,4435.0,1361.0,5796.0,5459.0
2025-12-03,4409.0,1308.0,5717.0,6317.0
2025-12-04,6067.0,1661.0,7728.0,9986.0
2025-12-05,9673.0,1872.0,11545.0,14361.0
2025-12-06,7347.0,1976.0,9323.0,9640.0
2025-12-07,7994.0,1130.0,9124.0,9849.0
2025-12-08,10258.0,2066.0,12324.0,11241.0
2025-12-09,6206.0,1874.0,8080.0,6562.0
2025-12-10,5526.0,2592.0,8118.0,6800.0
2025-12-11,6350.0,1612.0,7962.0,8685.0
2025-12-12,8698.0,1607.0,10305.0,11454.0
2025-12-13,7100.0,1818.0,8918.0,8802.0
2025-12-14,9174.0,1607.0,10781.0,9024.0
2025-12-15,9814.0,1657.0,11471.0,9362.0
2025-12-16,4883.0,1783.0,6666.0,5923.0
2025-12-17,4841.0,1459.0,6300.0,6090.0
2025-12-18,8844.0,1856.0,10700.0,9558.0
2025-12-19,11414.0,3936.0,15350.0,12654.0
2025-12-20,9682.0,5142.0,14824.0,10957.0
2025-12-21,10076.0,6629.0,16705.0,9692.0
2025-12-22,11165.0,4667.0,15832.0,12522.0
2025-12-23,10075.0,6413.0,16488.0,12781.0
2025-12-24,7410.0,7206.0,14616.0,6176.0
2025-12-25,2457.0,679.0,3136.0,4039.0
2025-12-26,8195.0,2301.0,10496.0,12525.0
2025-12-27,8398.0,5918.0,14316.0,14788.0
2025-12-28,9671.0,6815.0,16486.0,15560.0
2025-12-29,9933.0,1654.0,11587.0,15979.0
2025-12-30,9130.0,2275.0,11405.0,15265.0
2025-12-31,6625.0,1490.0,8115.0,7603.0
2026-01-01,5512.0,445.0,5957.0,12804.0
2026-01-02,9705.0,2308.0,12013.0,16809.0
2026-01-03,7872.0,4733.0,12605.0,17062.0
2026-01-04,9301.0,4600.0,13901.0,16601.0
2026-01-05,10242.0,3669.0,13911.0,18381.0
2026-01-06,6114.0,4963.0,11077.0,11457.0
2026-01-07,4363.0,2164.0,6527.0,7654.0
2026-01-08,3943.0,2388.0,6331.0,6978.0
2026-01-09,6815.0,1382.0,8197.0,9994.0
2026-01-10,4806.0,1410.0,6216.0,7925.0
2026-01-11,6235.0,1735.0,7970.0,8929.0
2026-01-12,7292.0,2156.0,9448.0,9357.0
2026-01-13,3654.0,1812.0,5466.0,4927.0
2026-01-14,3526.0,1366.0,4892.0,4727.0
2026-01-15,4733.0,1768.0,6501.0,6665.0
2026-01-16,7575.0,1435.0,9010.0,9459.0
2026-01-17,5031.0,1190.0,6221.0,6692.0
2026-01-18,6264.0,1798.0,8062.0,8731.0
2026-01-19,6961.0,1429.0,8390.0,7955.0
2026-01-20,3263.0,675.0,3938.0,3966.0
2026-01-21,4050.0,1031.0,5081.0,5412.0
2026-01-22,4710.0,1439.0,6149.0,6692.0
2026-01-23,7868.0,1298.0,9166.0,9971.0
2026-01-24,5173.0,1356.0,6529.0,6424.0
2026-01-25,6770.0,1448.0,8218.0,7997.0
2026-01-26,8423.0,1355.0,9778.0,8706.0
2026-01-27,4074.0,1464.0,5538.0,5097.0
2026-01-28,3704.0,1099.0,4803.0,4952.0
2026-01-29,4591.0,1264.0,5855.0,6655.0
2026-01-30,7949.0,1165.0,9114.0,9775.0
2026-01-31,5459.0,1366.0,6825.0,6580.0
2026-02-01,7328.0,1360.0,8688.0,8345.0
2026-02-02,8287.0,1683.0,9970.0,8915.0
2026-02-03,3908.0,1487.0,5395.0,4644.0
2026-02-04,3719.0,1089.0,4808.0,4870.0
2026-02-05,5292.0,1734.0,7026.0,6980.0
2026-02-06,8347.0,1253.0,9600.0,10146.0
2026-02-07,6101.0,1258.0,7359.0,7473.0
2026-02-08,7323.0,1149.0,8472.0,8769.0
2026-02-09,8801.0,1882.0,10683.0,9299.0
2026-02-10,4696.0,1418.0,6114.0,4897.0
2026-02-11,4193.0,1288.0,5481.0,5346.0
2026-02-12,5907.0,1228.0,7135.0,6855.0
2026-02-13,9597.0,1588.0,11185.0,12340.0
2026-02-14,7063.0,1994.0,9057.0,8142.0
2026-02-15,8677.0,1490.0,10167.0,9456.0
2026-02-16,9551.0,2101.0,11652.0,9655.0
2026-02-17,5210.0,1734.0,6944.0,5481.0
2026-02-18,4598.0,1497.0,6095.0,6551.0
2026-02-19,6363.0,2004.0,8367.0,8658.0
2026-02-20,9240.0,1383.0,10623.0,11610.0
2026-02-21,6665.0,1579.0,8244.0,8774.0
2026-02-22,8180.0,1917.0,10097.0,10150.0
2026-02-23,9276.0,2035.0,11311.0,11328.0
2026-02-24,4357.0,1989.0,6346.0,5897.0
2026-02-25,4450.0,1511.0,5961.0,6310.0
2026-02-26,5911.0,1723.0,7634.0,8578.0
2026-02-27,9148.0,1672.0,10820.0,11402.0
2026-02-28,6695.0,1804.0,8499.0,8657.0
2026-03-01,8352.0,2000.0,10352.0,10332.0
2026-03-02,8908.0,2180.0,11088.0,10396.0
2026-03-03,4923.0,1748.0,6671.0,6619.0
2026-03-04,4978.0,1446.0,6424.0,6637.0
2026-03-05,6338.0,1688.0,8026.0,8876.0
2026-03-06,9490.0,1536.0,11026.0,11335.0
2026-03-07,6761.0,1457.0,8218.0,8476.0
2026-03-08,8753.0,2329.0,11082.0,10583.0
2026-03-09,9458.0,2099.0,11557.0,10321.0
2026-03-10,5310.0,2095.0,7405.0,6165.0
2026-03-11,5186.0,1453.0,6639.0,6247.0
2026-03-12,6329.0,2003.0,8332.0,8639.0
2026-03-13,9629.0,1531.0,11160.0,11710.0
2026-03-14,6746.0,1755.0,8501.0,8780.0
2026-03-15,8906.0,1968.0,10874.0,10001.0
2026-03-16,9579.0,2295.0,11874.0,10400.0
2026-03-17,6259.0,2131.0,8390.0,6907.0
2026-03-18,6404.0,1641.0,8045.0,7748.0
2026-03-19,7551.0,2010.0,9561.0,9523.0
2026-03-20,10409.0,1790.0,12199.0,12192.0
2026-03-21,7701.0,1903.0,9604.0,8909.0
2026-03-22,9655.0,2054.0,11709.0,11256.0
2026-03-23,9911.0,3465.0,13376.0,11045.0
2026-03-24,6165.0,2466.0,8631.0,7663.0
2026-03-25,6478.0,1854.0,8332.0,8003.0
2026-03-26,7894.0,2020.0,9914.0,9596.0
2026-03-27,10395.0,3040.0,13435.0,11883.0
2026-03-28,8885.0,4111.0,12996.0,8994.0
2026-03-29,14631.0,3778.0,18409.0,11431.0
2026-03-30,13703.0,3543.0,17246.0,10920.0
2026-03-31,13603.0,3388.0,16991.0,9800.0
2026-04-01,14985.0,4102.0,19087.0,12159.0
2026-04-02,16134.0,6208.0,22342.0,14990.0
2026-04-03,18780.0,6581.0,25361.0,16774.0
2026-04-04,16000.0,6637.0,22637.0,15294.0
2026-04-05,11688.0,2118.0,13806.0,13678.0
2026-04-06,15291.0,2159.0,17450.0,22216.0
2026-04-07,14900.0,4133.0,19033.0,22127.0
2026-04-08,12967.0,4579.0,17546.0,19304.0
2026-04-09,11923.0,3595.0,15518.0,17761.0
2026-04-10,13075.0,3205.0,16280.0,19234.0
2026-04-11,13473.0,3774.0,17247.0,20902.0
2026-04-12,13379.0,3001.0,16380.0,19367.0
2026-04-13,12527.0,3680.0,16207.0,17931.0
2026-04-14,10467.0,3644.0,14111.0,13292.0
2026-04-15,10510.0,2355.0,12865.0,13176.0
2026-04-16,11429.0,3407.0,14836.0,14362.0
2026-04-17,15874.0,2781.0,18655.0,18688.0
2026-04-18,15012.0,3752.0,18764.0,18044.0
2026-04-19,14792.0,3639.0,18431.0,17080.0
2026-04-20,14521.0,4111.0,18632.0,16576.0
2026-04-21,11360.0,3765.0,15125.0,12784.0
2026-04-22,12417.0,2987.0,15404.0,13476.0
2026-04-23,14271.0,4104.0,18375.0,16385.0
2026-04-24,17515.0,4411.0,21926.0,20246.0
2026-04-25,15344.0,5807.0,21151.0,19715.0
2026-04-26,15529.0,4240.0,19769.0,19041.0
2026-04-27,15945.0,4393.0,20338.0,18054.0
2026-04-28,14348.0,4779.0,19127.0,15244.0
2026-04-29,15347.0,4271.0,19618.0,14896.0
2026-04-30,17743.0,6131.0,23874.0,19675.0
2026-05-01,18953.0,7624.0,26577.0,19486.0
2026-05-02,17615.0,5000.0,22615.0,22251.0
2026-05-03,17988.0,6119.0,24107.0,26333.0
2026-05-04,16913.0,4671.0,21584.0,23366.0
2026-05-05,14041.0,4692.0,18733.0,17761.0
2026-05-06,10991.0,3117.0,14108.0,13121.0
2026-05-07,15585.0,3724.0,19309.0,17148.0
2026-05-08,18673.0,4905.0,23578.0,20765.0
2026-05-09,18073.0,4627.0,22700.0,20302.0
2026-05-10,17412.0,5000.0,22412.0,20705.0
2026-05-11,15831.0,3851.0,19682.0,18504.0
2026-05-12,15160.0,6232.0,21392.0,17474.0
2026-05-13,15434.0,3730.0,19164.0,15144.0
2026-05-14,17579.0,6806.0,24385.0,19383.0
2026-05-15,20057.0,4644.0,24701.0,22644.0
2026-05-16,18556.0,5721.0,24277.0,23299.0
2026-05-17,18329.0,5190.0,23519.0,24547.0
2026-05-18,17746.0,4705.0,22451.0,21017.0
2026-05-19,15989.0,6144.0,22133.0,18310.0
2026-05-20,16755.0,5024.0,21779.0,17610.0
2026-05-21,18023.0,5664.0,23687.0,19340.0
2026-05-22,22308.0,6521.0,28829.0,22698.0
2026-05-23,22679.0,10411.0,33090.0,23987.0
2026-05-24,21324.0,12002.0,33326.0,24575.0
2026-05-25,19661.0,1925.0,21586.0,21004.0
2026-05-26,18800.0,2698.0,21498.0,20367.0
2026-05-27,18942.0,1539.0,20481.0,18867.0
2026-05-28,20802.0,10146.0,30948.0,21730.0
2026-05-29,25631.0,10395.0,36026.0,26432.0
2026-05-30,26521.0,17070.0,43591.0,30538.0
2026-05-31,23206.0,10441.0,33647.0,24473.0
2026-06-01,21103.0,8371.0,29474.0,27641.0
2026-06-02,23953.0,9468.0,33421.0,37044.0
2026-06-03,21643.0,7379.0,29022.0,30365.0
2026-06-04,21240.0,8185.0,29425.0,29038.0
2026-06-05,25327.0,10723.0,36050.0,35496.0
2026-06-06,25366.0,11040.0,36406.0,38664.0
2026-06-07,26475.0,8953.0,35428.0,35267.0
2026-06-08,22129.0,9640.0,31769.0,29284.0
2026-06-09,22341.0,9055.0,31396.0,27137.0
2026-06-10,22450.0,9086.0,31536.0,24984.0
2026-06-11,23551.0,9982.0,33533.0,25995.0
2026-06-12,27016.0,12988.0,40004.0,32436.0
2026-06-13,27747.0,15166.0,42913.0,38331.0
2026-06-14,26334.0,12572.0,38906.0,36578.0
2026-06-15,22218.0,12217.0,34435.0,31168.0
2026-06-16,23701.0,10795.0,34496.0,29968.0
2026-06-17,22986.0,9742.0,32728.0,27218.0
2026-06-18,23802.0,11531.0,35333.0,28032.0
2026-06-19,27975.0,13766.0,41741.0,33958.0
2026-06-20,29206.0,19892.0,49098.0,42046.0
2026-06-21,27631.0,15994.0,43625.0,37947.0
2026-06-22,24847.0,12892.0,37739.0,33645.0
2026-06-23,25827.0,12633.0,38460.0,31927.0
2026-06-24,25948.0,10874.0,36822.0,30469.0
2026-06-25,26724.0,12211.0,38935.0,31164.0
2026-06-26,32553.0,1805.0,34358.0,28904.0
2026-06-27,18624.0,1159.0,19783.0,17992.0
2026-06-28,29722.0,17382.0,47104.0,47256.0
2026-06-29,25905.0,14741.0,40646.0,41774.0
2026-06-30,15598.0,16127.0,31725.0,28525.0
2026-07-01,27238.0,12276.0,39514.0,31046.0
2026-07-02,27336.0,13902.0,41238.0,32898.0
2026-07-03,33066.0,19186.0,52252.0,40695.0
2026-07-04,33700.0,21359.0,55059.0,49286.0
2026-07-05,30596.0,19353.0,49949.0,43140.0
2026-07-06,29396.0,17416.0,46812.0,38590.0
2026-07-07,29399.0,15474.0,44873.0,36215.0
2026-07-08,28334.0,13164.0,41498.0,32943.0
2026-07-09,27845.0,12296.0,40141.0,34513.0
2026-07-10,34285.0,0.0,34285.0,27818.0
2026-07-11,31718.0,0.0,31718.0,28767.0
