Comune,Totale
Aggius,1411
Aglientu,1168
Alà dei Sardi,1765
Alghero,42420
Anela,568
Ardara,730
Arzachena,13399
Badesi,1822
Banari,515
Benetutti,1683
Berchidda,2605
Bessude,383
Bonnanaro,920
Bono,3319
Bonorva,3178
Bortigiadas,714
Borutta,254
Bottidda,648
Buddusò,3614
Budoni,5434
Bultei,829
Bulzi,452
Burgos,852
Calangianus,3815
Cargeghe,585
Castelsardo,5674
Cheremule,396
Chiaramonti,1531
Codrongianos,1279
Cossoine,761
Erula,688
Esporlatu,375
Florinas,1446
Giave,483
Golfo Aranci,2376
Illorai,748
Ittireddu,470
Ittiri,8043
Laerru,845
La Maddalena,10609
Loiri Porto San Paolo,3689
Luogosanto,1825
Luras,2387
Mara,530
Martis,467
Monteleone Rocca Doria,106
Monti,2334
Mores,1722
Muros,819
Nughedu San Nicolò,748
Nule,1285
Nulvi,2638
Olbia,61172
Olmedo,4187
Oschiri,3016
Osilo,2800
Ossi,5474
Ozieri,9853
Padria,598
Padru,2072
Palau,4053
Pattada,2859
Perfugas,2253
Ploaghe,4285
Porto Torres,21202
Pozzomaggiore,2378
Putifigari,674
Romana,480
Santa Maria Coghinas,1303
Sant'Antonio di Gallura,1432
Santa Teresa Gallura,5036
San Teodoro,5035
Sassari,121409
Sedini,1247
Semestene,130
Sennori,6876
Siligo,791
Sorso,14434
Stintino,1535
Telti,2231
Tempio Pausania,13238
Tergu,607
Thiesi,2777
Tissi,2339
Torralba,888
Trinità d'Agultu e Vignola,2239
Tula,1439
Uri,2826
Usini,4219
Valledoria,4301
Viddalba,1596
Villanova Monteleone,2098
Aritzo,1201
Arzana,2232
Atzara,1002
Austis,744
Bari Sardo,3837
Baunei,3437
Belvì,555
Birori,496
Bitti,2584
Bolotana,2362
Borore,1953
Bortigali,1229
Cardedu,1943
Desulo,2078
Dorgali,8354
Dualchi,571
Elini,556
Fonni,3644
Gadoni,678
Gairo,1293
Galtellì,2356
Gavoi,2488
Girasole,1353
Ilbono,1986
Irgoli,2201
Jerzu,3003
Lanusei,5049
Lei,465
Loceri,1287
Loculi,491
Lodè,1509
Lodine,305
Lotzorai,2126
Lula,1256
Macomer,9352
Mamoiada,2384
Meana Sardo,1599
Noragugume,279
Nuoro,33923
Oliena,6607
Ollolai,1174
Olzai,766
Onanì,359
Onifai,709
Oniferi,859
Orani,2702
Orgosolo,3948
Orosei,6799
Orotelli,1892
Ortueri,1029
Orune,2141
Osidda,217
Osini,714
Ottana,2173
Ovodda,1522
Perdasdefogu,1724
Posada,3029
Sarule,1527
Silanus,1984
Sindia,1586
Siniscola,11194
Sorgono,1491
Talana,955
Tertenia,3867
Teti,595
Tiana,435
Tonara,1755
Torpè,2705
Tortolì,10985
Triei,1056
Ulassai,1371
Urzulei,1094
Ussassai,448
Villagrande Strisaili,2947
Assemini,25926
Cagliari,148296
Capoterra,23181
Decimomannu,8390
Elmas,9448
Maracalagonis,7940
Monserrato,18968
Pula,7135
Quartucciu,12852
Quartu Sant'Elena,68755
Sarroch,5048
Selargius,28504
Sestu,20811
Settimo San Pietro,6913
Sinnai,17227
Uta,8814
Villa San Pietro,2156
Abbasanta,2585
Aidomaggiore,395
Albagiara,241
Ales,1267
Allai,357
Arborea,3746
Ardauli,764
Assolo,342
Asuni,303
Baradili,78
Baratili San Pietro,1220
Baressa,559
Bauladu,632
Bidonì,126
Bonarcado,1525
Boroneddu,150
Bosa,7488
Busachi,1153
Cabras,8749
Cuglieri,2468
Curcuris,302
Flussio,412
Fordongianus,831
Ghilarza,4181
Gonnoscodina,433
Gonnosnò,708
Gonnostramatza,808
Laconi,1674
Magomadas,602
Marrubiu,4611
Masullas,1006
Milis,1396
Modolo,170
Mogorella,408
Mogoro,3907
Montresta,438
Morgongiori,661
Narbolia,1666
Neoneli,608
Norbello,1125
Nughedu Santa Vittoria,433
Nurachi,1683
Nureci,314
Ollastra,1129
Oristano,30447
Palmas Arborea,1483
Pau,274
Paulilatino,2116
Pompu,219
Riola Sardo,2040
Ruinas,600
Sagama,191
Samugheo,2757
San Nicolò d'Arcidano,2490
Santa Giusta,4643
Santu Lussurgiu,2217
San Vero Milis,2423
Scano di Montiferro,1404
Sedilo,1955
Seneghe,1643
Senis,406
Sennariolo,156
Siamaggiore,870
Siamanna,766
Siapiccia,347
Simala,284
Simaxis,2136
Sini,441
Siris,227
Soddì,123
Solarussa,2283
Sorradile,344
Suni,977
Tadasuni,138
Terralba,9734
Tinnura,246
Tramatza,932
Tresnuraghes,1020
Ulà Tirso,463
Uras,2675
Usellus,710
Villanova Truschedu,286
Villa Sant'Antonio,330
Villaurbana,1468
Villa Verde,277
Zeddiani,1130
Zerfaliu,1000
Arbus,5741
Armungia,418
Ballao,719
Barrali,1101
Barumini,1157
Buggerru,1052
Burcei,2629
Calasetta,2779
Carbonia,26309
Carloforte,5937
Castiadas,1698
Collinas,775
Decimoputzu,4175
Dolianova,9448
Domus de Maria,1641
Domusnovas,5871
Donori,1974
Escalaplano,2063
Escolca,544
Esterzili,563
Fluminimaggiore,2645
Furtei,1519
Genoni,764
Genuri,306
Gergei,1125
Gesico,742
Gesturi,1152
Giba,1920
Goni,448
Gonnesa,4618
Gonnosfanadiga,6163
Guamaggiore,904
Guasila,2484
Guspini,10996
Iglesias,25135
Isili,2452
Las Plassas,210
Lunamatrona,1619
Mandas,2004
Masainas,1228
Monastir,4452
Muravera,5172
Musei,1508
Narcao,3052
Nuragus,839
Nurallao,1149
Nuraminis,2311
Nurri,2027
Nuxis,1437
Orroli,1968
Ortacesus,873
Pabillonis,2481
Pauli Arbarei,567
Perdaxius,1305
Pimentel,1121
Piscinas,794
Portoscuso,4834
Sadali,843
Samassi,4803
Samatzai,1534
San Basilio,1124
San Gavino Monreale,8072
San Giovanni Suergiu,5644
Sanluri,8132
San Nicolò Gerrei,721
San Sperate,8419
Santadi,3170
Sant'Andrea Frius,1692
Sant'Anna Arresi,2620
Sant'Antioco,10668
San Vito,3428
Sardara,3811
Segariu,1112
Selegas,1283
Senorbì,4793
Serdiana,2659
Serramanna,8610
Serrenti,4541
Serri,613
Setzu,131
Seui,1153
Seulo,782
Siddi,583
Siliqua,3565
Silius,1034
Siurgus Donigala,1824
Soleminis,1869
Suelli,1070
Teulada,3256
Tratalias,1021
Tuili,930
Turri,376
Ussana,4027
Ussaramanna,489
Vallermosa,1806
Villacidro,13210
Villamar,2438
Villamassargia,3367
Villanovaforru,583
Villanovafranca,1190
Villanova Tulo,1005
Villaperuccio,1007
Villaputzu,4435
Villasalto,955
Villasimius,3689
Villasor,6618
Villaspeciosa,2575
