comune,rank,mercato,presenze,quota_pct
Abbasanta,1,Italia,11496,69.5
Abbasanta,2,Germania,997,6.03
Abbasanta,3,Francia,876,5.3
Abbasanta,4,Svizzera (incluso Liechtenstein),448,2.71
Abbasanta,5,Paesi Bassi,375,2.27
Aggius,1,Italia,1123,23.91
Aggius,2,Francia,941,20.03
Aggius,3,Germania,895,19.05
Aggius,4,Spagna,243,5.17
Aggius,5,Svizzera (incluso Liechtenstein),202,4.3
Aglientu,1,Italia,664137,52.48
Aglientu,2,Germania,251586,19.88
Aglientu,3,Svizzera (incluso Liechtenstein),100639,7.95
Aglientu,4,Francia,70550,5.57
Aglientu,5,Austria,32707,2.58
Aidomaggiore,1,Italia,466,78.32
Aidomaggiore,2,Spagna,27,4.54
Aidomaggiore,3,Francia,26,4.37
Aidomaggiore,4,Svizzera (incluso Liechtenstein),18,3.03
Aidomaggiore,5,Germania,16,2.69
Albagiara,1,Italia,49,46.67
Albagiara,2,Paesi Bassi,18,17.14
Albagiara,3,Francia,10,9.52
Albagiara,4,Spagna,8,7.62
Albagiara,5,Germania,6,5.71
Ales,1,Italia,2258,60.78
Ales,2,Francia,358,9.64
Ales,3,Germania,206,5.55
Ales,4,Spagna,180,4.85
Ales,5,Polonia,88,2.37
Alghero,1,Italia,2231604,36.77
Alghero,2,Germania,625295,10.3
Alghero,3,Francia,466595,7.69
Alghero,4,Svizzera (incluso Liechtenstein),246273,4.06
Alghero,5,Irlanda,241326,3.98
Allai,1,Italia,80,86.02
Allai,2,Germania,8,8.6
Allai,3,Regno Unito,3,3.23
Allai,4,Francia,2,2.15
Alà Dei Sardi,1,Italia,428,73.54
Alà Dei Sardi,2,Regno Unito,62,10.65
Alà Dei Sardi,3,Germania,22,3.78
Alà Dei Sardi,4,Francia,18,3.09
Alà Dei Sardi,5,Svizzera (incluso Liechtenstein),14,2.41
Anela,1,Italia,362,100.0
Arborea,1,Italia,272325,65.73
Arborea,2,Germania,69626,16.8
Arborea,3,Francia,21884,5.28
Arborea,4,Romania,11302,2.73
Arborea,5,Svizzera (incluso Liechtenstein),6089,1.47
Arbus,1,Italia,125335,47.59
Arbus,2,Germania,52323,19.87
Arbus,3,Francia,20309,7.71
Arbus,4,Svizzera (incluso Liechtenstein),16618,6.31
Arbus,5,Austria,7009,2.66
Ardara,1,Italia,91,53.22
Ardara,2,Germania,19,11.11
Ardara,3,Egitto,10,5.85
Ardara,4,Portogallo,8,4.68
Ardara,5,Romania,8,4.68
Ardauli,1,Francia,20,76.92
Ardauli,2,Svizzera (incluso Liechtenstein),6,23.08
Aritzo,1,Italia,8278,54.78
Aritzo,2,Germania,2355,15.58
Aritzo,3,Svizzera (incluso Liechtenstein),886,5.86
Aritzo,4,Francia,785,5.19
Aritzo,5,Paesi Bassi,570,3.77
Armungia,1,Italia,255,59.3
Armungia,2,Spagna,60,13.95
Armungia,3,Germania,24,5.58
Armungia,4,Stati Uniti d'America,24,5.58
Armungia,5,Altri Paesi dell'Africa,18,4.19
Arzachena,1,Italia,1668911,34.34
Arzachena,2,Germania,873002,17.97
Arzachena,3,Regno Unito,368451,7.58
Arzachena,4,Svizzera (incluso Liechtenstein),293934,6.05
Arzachena,5,Stati Uniti d'America,230738,4.75
Arzana,1,Germania,435,36.13
Arzana,2,Italia,328,27.24
Arzana,3,Francia,181,15.03
Arzana,4,Paesi Bassi,52,4.32
Arzana,5,Polonia,47,3.9
Assemini,1,Italia,87736,71.77
Assemini,2,Francia,5701,4.66
Assemini,3,Germania,3945,3.23
Assemini,4,Belgio,3486,2.85
Assemini,5,Spagna,3449,2.82
Assolo,1,Germania,45,29.61
Assolo,2,Italia,36,23.68
Assolo,3,Spagna,32,21.05
Assolo,4,Francia,16,10.53
Assolo,5,Svizzera (incluso Liechtenstein),15,9.87
Atzara,1,Italia,1305,78.76
Atzara,2,Paesi Bassi,91,5.49
Atzara,3,Francia,58,3.5
Atzara,4,Germania,38,2.29
Atzara,5,Svizzera (incluso Liechtenstein),26,1.57
Austis,1,Italia,511,57.74
Austis,2,Francia,115,12.99
Austis,3,Germania,53,5.99
Austis,4,Stati Uniti d'America,31,3.5
Austis,5,Spagna,29,3.28
Badesi,1,Italia,765413,54.76
Badesi,2,Francia,131823,9.43
Badesi,3,Germania,113110,8.09
Badesi,4,Svizzera (incluso Liechtenstein),82686,5.92
Badesi,5,Regno Unito,50237,3.59
Ballao,1,Italia,356,56.06
Ballao,2,Germania,51,8.03
Ballao,3,Francia,45,7.09
Ballao,4,Spagna,35,5.51
Ballao,5,Polonia,33,5.2
Banari,1,Italia,193,25.77
Banari,2,Francia,91,12.15
Banari,3,Spagna,85,11.35
Banari,4,Paesi Bassi,78,10.41
Banari,5,Svizzera (incluso Liechtenstein),50,6.68
Baradili,1,Italia,112,37.71
Baradili,2,Francia,57,19.19
Baradili,3,Canada,48,16.16
Baradili,4,Germania,41,13.8
Baradili,5,Ungheria,14,4.71
Baratili San Pietro,1,Italia,5682,54.52
Baratili San Pietro,2,Francia,1441,13.83
Baratili San Pietro,3,Germania,991,9.51
Baratili San Pietro,4,Spagna,377,3.62
Baratili San Pietro,5,Belgio,248,2.38
Baressa,1,Italia,2025,57.5
Baressa,2,Germania,485,13.77
Baressa,3,Francia,211,5.99
Baressa,4,Spagna,171,4.86
Baressa,5,Paesi Bassi,120,3.41
Bari Sardo,1,Germania,326829,37.32
Bari Sardo,2,Italia,308394,35.21
Bari Sardo,3,Svizzera (incluso Liechtenstein),80651,9.21
Bari Sardo,4,Austria,32722,3.74
Bari Sardo,5,Paesi Bassi,25947,2.96
Barumini,1,Italia,5841,62.81
Barumini,2,Francia,850,9.14
Barumini,3,Germania,569,6.12
Barumini,4,Svizzera (incluso Liechtenstein),304,3.27
Barumini,5,Austria,223,2.4
Bauladu,1,Italia,2934,66.96
Bauladu,2,Francia,375,8.56
Bauladu,3,Paesi Bassi,163,3.72
Bauladu,4,Spagna,163,3.72
Bauladu,5,Germania,132,3.01
Baunei,1,Italia,120829,30.27
Baunei,2,Germania,94378,23.65
Baunei,3,Francia,30660,7.68
Baunei,4,Svizzera (incluso Liechtenstein),23800,5.96
Baunei,5,Stati Uniti d'America,15188,3.81
Belvì,1,Italia,731,66.21
Belvì,2,Francia,145,13.13
Belvì,3,Germania,39,3.53
Belvì,4,Spagna,34,3.08
Belvì,5,Paesi Bassi,26,2.36
Benetutti,1,Italia,20317,84.28
Benetutti,2,Francia,790,3.28
Benetutti,3,Germania,646,2.68
Benetutti,4,Spagna,416,1.73
Benetutti,5,Paesi Bassi,298,1.24
Berchidda,1,Italia,8683,63.34
Berchidda,2,Germania,1010,7.37
Berchidda,3,Francia,873,6.37
Berchidda,4,Paesi Bassi,711,5.19
Berchidda,5,Regno Unito,303,2.21
Bessude,1,Italia,66,33.5
Bessude,2,Canada,36,18.27
Bessude,3,Stati Uniti d'America,21,10.66
Bessude,4,Ungheria,21,10.66
Bessude,5,Germania,16,8.12
Bitti,1,Italia,4447,31.39
Bitti,2,Germania,2032,14.34
Bitti,3,Paesi Bassi,1994,14.07
Bitti,4,Belgio,1201,8.48
Bitti,5,Francia,1098,7.75
Bolotana,1,Italia,2914,70.59
Bolotana,2,Francia,301,7.29
Bolotana,3,Spagna,267,6.47
Bolotana,4,Egitto,90,2.18
Bolotana,5,Germania,88,2.13
Bonarcado,1,Italia,7964,60.61
Bonarcado,2,Francia,1223,9.31
Bonarcado,3,Spagna,872,6.64
Bonarcado,4,Germania,758,5.77
Bonarcado,5,Ungheria,260,1.98
Bonnanaro,1,Italia,33,53.23
Bonnanaro,2,Germania,12,19.35
Bonnanaro,3,Spagna,9,14.52
Bonnanaro,4,Lettonia,6,9.68
Bonnanaro,5,Altri Paesi Centro - Sud America,2,3.23
Bono,1,Italia,780,46.57
Bono,2,Germania,258,15.4
Bono,3,Francia,155,9.25
Bono,4,Spagna,133,7.94
Bono,5,Altri Paesi dell'Asia,92,5.49
Bonorva,1,Italia,1173,66.72
Bonorva,2,Spagna,175,9.95
Bonorva,3,Francia,153,8.7
Bonorva,4,Germania,52,2.96
Bonorva,5,Paesi Bassi,33,1.88
Boroneddu,1,Italia,34,73.91
Boroneddu,2,Spagna,12,26.09
Borore,1,Italia,16,100.0
Bortigali,1,Italia,1214,92.18
Bortigali,2,Stati Uniti d'America,28,2.13
Bortigali,3,Francia,24,1.82
Bortigali,4,Romania,16,1.21
Bortigali,5,Spagna,13,0.99
Bortigiadas,1,Italia,2534,51.61
Bortigiadas,2,Francia,647,13.18
Bortigiadas,3,Germania,289,5.89
Bortigiadas,4,Spagna,274,5.58
Bortigiadas,5,Polonia,197,4.01
Bosa,1,Italia,189582,44.95
Bosa,2,Francia,45717,10.84
Bosa,3,Germania,45372,10.76
Bosa,4,Paesi Bassi,19171,4.55
Bosa,5,Svizzera (incluso Liechtenstein),16803,3.98
Bottidda,1,Italia,965,68.05
Bottidda,2,Germania,105,7.4
Bottidda,3,Svizzera (incluso Liechtenstein),59,4.16
Bottidda,4,Francia,55,3.88
Bottidda,5,Spagna,41,2.89
Buddusò,1,Italia,191,76.1
Buddusò,2,Germania,16,6.37
Buddusò,3,Altri Paesi dell'Asia,12,4.78
Buddusò,4,Lituania,9,3.59
Buddusò,5,Svizzera (incluso Liechtenstein),9,3.59
Budoni,1,Italia,1464285,48.25
Budoni,2,Francia,522397,17.21
Budoni,3,Regno Unito,423658,13.96
Budoni,4,Germania,284296,9.37
Budoni,5,Svizzera (incluso Liechtenstein),63061,2.08
Buggerru,1,Italia,46795,58.92
Buggerru,2,Germania,10721,13.5
Buggerru,3,Francia,5468,6.88
Buggerru,4,Svizzera (incluso Liechtenstein),4254,5.36
Buggerru,5,Austria,2268,2.86
Bultei,1,Italia,192,91.87
Bultei,2,Germania,8,3.83
Bultei,3,Francia,4,1.91
Bultei,4,Regno Unito,2,0.96
Bultei,5,Romania,2,0.96
Burcei,1,Italia,772,58.22
Burcei,2,Francia,189,14.25
Burcei,3,Germania,119,8.97
Burcei,4,Paesi Bassi,55,4.15
Burcei,5,Spagna,33,2.49
Burgos,1,Altri Paesi Centro - Sud America,64,37.65
Burgos,2,Italia,55,32.35
Burgos,3,Spagna,40,23.53
Burgos,4,Egitto,6,3.53
Burgos,5,Stati Uniti d'America,4,2.35
Busachi,1,Italia,244,97.21
Busachi,2,Francia,4,1.59
Busachi,3,Stati Uniti d'America,2,0.8
Busachi,4,Svizzera (incluso Liechtenstein),1,0.4
Cabras,1,Italia,247873,62.01
Cabras,2,Germania,46835,11.72
Cabras,3,Francia,25608,6.41
Cabras,4,Svizzera (incluso Liechtenstein),17351,4.34
Cabras,5,Paesi Bassi,8524,2.13
Cagliari,1,Italia,1568989,42.14
Cagliari,2,Germania,300232,8.06
Cagliari,3,Francia,296899,7.97
Cagliari,4,Regno Unito,160619,4.31
Cagliari,5,Polonia,158922,4.27
Calangianus,1,Italia,2101,21.24
Calangianus,2,Francia,1896,19.17
Calangianus,3,Germania,1810,18.3
Calangianus,4,Paesi Bassi,847,8.56
Calangianus,5,Spagna,563,5.69
Calasetta,1,Italia,163251,70.94
Calasetta,2,Germania,18681,8.12
Calasetta,3,Francia,14967,6.5
Calasetta,4,Svizzera (incluso Liechtenstein),6293,2.73
Calasetta,5,Polonia,3384,1.47
Capoterra,1,Italia,78508,31.62
Capoterra,2,Germania,46631,18.78
Capoterra,3,Francia,29150,11.74
Capoterra,4,Polonia,10195,4.11
Capoterra,5,Regno Unito,10040,4.04
Carbonia,1,Italia,89734,58.66
Carbonia,2,Germania,15590,10.19
Carbonia,3,Francia,13532,8.85
Carbonia,4,Spagna,5135,3.36
Carbonia,5,Paesi Bassi,4206,2.75
Cardedu,1,Italia,295396,43.87
Cardedu,2,Germania,162924,24.2
Cardedu,3,Svizzera (incluso Liechtenstein),35948,5.34
Cardedu,4,Francia,30376,4.51
Cardedu,5,Austria,23628,3.51
Carloforte,1,Italia,147707,78.45
Carloforte,2,Francia,8223,4.37
Carloforte,3,Germania,7432,3.95
Carloforte,4,Svizzera (incluso Liechtenstein),5981,3.18
Carloforte,5,Regno Unito,3381,1.8
Castelsardo,1,Italia,198936,23.83
Castelsardo,2,Francia,150270,18.0
Castelsardo,3,Germania,103608,12.41
Castelsardo,4,Paesi Bassi,101645,12.18
Castelsardo,5,Spagna,59027,7.07
Castiadas,1,Italia,883482,67.57
Castiadas,2,Germania,143087,10.94
Castiadas,3,Svizzera (incluso Liechtenstein),79268,6.06
Castiadas,4,Francia,26515,2.03
Castiadas,5,Repubblica Ceca,24088,1.84
Cheremule,1,Italia,489,35.54
Cheremule,2,Germania,164,11.92
Cheremule,3,Francia,130,9.45
Cheremule,4,Paesi Bassi,94,6.83
Cheremule,5,Polonia,66,4.8
Chiaramonti,1,Italia,994,42.07
Chiaramonti,2,Francia,416,17.6
Chiaramonti,3,Altri Paesi Europei,269,11.38
Chiaramonti,4,Romania,136,5.76
Chiaramonti,5,Spagna,103,4.36
Codrongianos,1,Italia,408,23.73
Codrongianos,2,Spagna,390,22.69
Codrongianos,3,Francia,282,16.4
Codrongianos,4,Polonia,124,7.21
Codrongianos,5,Germania,101,5.88
Collinas,1,Italia,411,37.09
Collinas,2,Francia,284,25.63
Collinas,3,Germania,108,9.75
Collinas,4,Spagna,81,7.31
Collinas,5,Altri Paesi Europei,57,5.14
Cossoine,1,Italia,388,28.83
Cossoine,2,Francia,299,22.21
Cossoine,3,Spagna,159,11.81
Cossoine,4,Polonia,106,7.88
Cossoine,5,Germania,104,7.73
Cuglieri,1,Italia,307177,56.0
Cuglieri,2,Germania,93344,17.02
Cuglieri,3,Francia,38247,6.97
Cuglieri,4,Svizzera (incluso Liechtenstein),23969,4.37
Cuglieri,5,Paesi Bassi,22297,4.06
Decimomannu,1,Italia,5065,67.64
Decimomannu,2,Francia,513,6.85
Decimomannu,3,Germania,420,5.61
Decimomannu,4,Spagna,403,5.38
Decimomannu,5,Polonia,154,2.06
Decimoputzu,1,Italia,22,100.0
Desulo,1,Italia,1804,67.9
Desulo,2,Germania,212,7.98
Desulo,3,Francia,178,6.7
Desulo,4,Repubblica Ceca,58,2.18
Desulo,5,Svizzera (incluso Liechtenstein),50,1.88
Dolianova,1,Italia,2319,43.26
Dolianova,2,Francia,794,14.81
Dolianova,3,Germania,620,11.57
Dolianova,4,Regno Unito,360,6.72
Dolianova,5,Spagna,206,3.84
Domus De Maria,1,Italia,473927,53.14
Domus De Maria,2,Germania,112483,12.61
Domus De Maria,3,Svizzera (incluso Liechtenstein),59804,6.71
Domus De Maria,4,Regno Unito,54885,6.15
Domus De Maria,5,Francia,34124,3.83
Domusnovas,1,Italia,2473,57.3
Domusnovas,2,Germania,383,8.87
Domusnovas,3,Francia,351,8.13
Domusnovas,4,Polonia,165,3.82
Domusnovas,5,Spagna,163,3.78
Donori,1,Austria,124,38.39
Donori,2,Germania,48,14.86
Donori,3,Svizzera (incluso Liechtenstein),42,13.0
Donori,4,Altri Paesi Europei,28,8.67
Donori,5,Paesi Bassi,22,6.81
Dorgali,1,Italia,710466,37.0
Dorgali,2,Germania,309295,16.11
Dorgali,3,Francia,178576,9.3
Dorgali,4,Polonia,90448,4.71
Dorgali,5,Svizzera (incluso Liechtenstein),77975,4.06
Dualchi,1,Italia,128,87.07
Dualchi,2,Spagna,15,10.2
Dualchi,3,Francia,2,1.36
Dualchi,4,Belgio,1,0.68
Dualchi,5,Paesi Bassi,1,0.68
Elini,1,Italia,617,71.91
Elini,2,Germania,130,15.15
Elini,3,Francia,26,3.03
Elini,4,Repubblica Ceca,25,2.91
Elini,5,Spagna,15,1.75
Elmas,1,Italia,32949,65.99
Elmas,2,Francia,2454,4.91
Elmas,3,Germania,2157,4.32
Elmas,4,Spagna,1865,3.73
Elmas,5,Polonia,947,1.9
Erula,1,Francia,213,43.03
Erula,2,Belgio,78,15.76
Erula,3,Regno Unito,68,13.74
Erula,4,Germania,48,9.7
Erula,5,Italia,30,6.06
Escalaplano,1,Italia,368,89.32
Escalaplano,2,Francia,14,3.4
Escalaplano,3,Germania,6,1.46
Escalaplano,4,Svizzera (incluso Liechtenstein),6,1.46
Escalaplano,5,Brasile,5,1.21
Escolca,1,Italia,590,69.01
Escolca,2,Germania,58,6.78
Escolca,3,Francia,56,6.55
Escolca,4,Paesi Bassi,56,6.55
Escolca,5,Altri Paesi dell'Asia,12,1.4
Esterzili,1,Italia,35,85.37
Esterzili,2,Austria,4,9.76
Esterzili,3,Germania,2,4.88
Florinas,1,Italia,333,49.26
Florinas,2,Francia,114,16.86
Florinas,3,Spagna,100,14.79
Florinas,4,Polonia,34,5.03
Florinas,5,Regno Unito,28,4.14
Fluminimaggiore,1,Italia,14197,52.03
Fluminimaggiore,2,Germania,5440,19.94
Fluminimaggiore,3,Francia,2249,8.24
Fluminimaggiore,4,Svizzera (incluso Liechtenstein),1092,4.0
Fluminimaggiore,5,Austria,881,3.23
Flussio,1,Italia,1416,37.28
Flussio,2,Francia,639,16.82
Flussio,3,Germania,518,13.64
Flussio,4,Spagna,200,5.27
Flussio,5,Belgio,160,4.21
Fonni,1,Italia,9497,65.7
Fonni,2,Francia,2817,19.49
Fonni,3,Germania,436,3.02
Fonni,4,Portogallo,221,1.53
Fonni,5,Svizzera (incluso Liechtenstein),206,1.43
Fordongianus,1,Italia,127220,98.77
Fordongianus,2,Germania,346,0.27
Fordongianus,3,Francia,314,0.24
Fordongianus,4,Svizzera (incluso Liechtenstein),164,0.13
Fordongianus,5,Regno Unito,125,0.1
Furtei,1,Italia,285,52.2
Furtei,2,Francia,117,21.43
Furtei,3,Germania,45,8.24
Furtei,4,Spagna,22,4.03
Furtei,5,Paesi Bassi,18,3.3
Gadoni,1,Italia,1738,89.87
Gadoni,2,Germania,48,2.48
Gadoni,3,Regno Unito,42,2.17
Gadoni,4,Paesi Bassi,22,1.14
Gadoni,5,Francia,12,0.62
Gairo,1,Italia,31513,37.12
Gairo,2,Germania,30235,35.62
Gairo,3,Svizzera (incluso Liechtenstein),6709,7.9
Gairo,4,Francia,3589,4.23
Gairo,5,Austria,3398,4.0
Galtellì,1,Italia,16167,32.53
Galtellì,2,Germania,8701,17.51
Galtellì,3,Francia,7046,14.18
Galtellì,4,Spagna,3192,6.42
Galtellì,5,Paesi Bassi,2477,4.98
Gavoi,1,Italia,4463,82.13
Gavoi,2,Francia,201,3.7
Gavoi,3,Germania,163,3.0
Gavoi,4,Danimarca,90,1.66
Gavoi,5,Paesi Bassi,85,1.56
Genoni,1,Italia,196,35.83
Genoni,2,Francia,147,26.87
Genoni,3,Germania,45,8.23
Genoni,4,Spagna,26,4.75
Genoni,5,Svizzera (incluso Liechtenstein),25,4.57
Gergei,1,Italia,347,18.67
Gergei,2,Stati Uniti d'America,294,15.81
Gergei,3,Francia,255,13.72
Gergei,4,Paesi Bassi,200,10.76
Gergei,5,Germania,179,9.63
Gesturi,1,Italia,810,29.86
Gesturi,2,Germania,637,23.48
Gesturi,3,Stati Uniti d'America,208,7.67
Gesturi,4,Francia,195,7.19
Gesturi,5,Paesi Bassi,158,5.82
Ghilarza,1,Italia,6343,64.47
Ghilarza,2,Spagna,723,7.35
Ghilarza,3,Francia,590,6.0
Ghilarza,4,Germania,547,5.56
Ghilarza,5,Romania,443,4.5
Giba,1,Italia,9816,66.47
Giba,2,Germania,1300,8.8
Giba,3,Polonia,1161,7.86
Giba,4,Francia,924,6.26
Giba,5,Spagna,303,2.05
Girasole,1,Italia,21841,60.75
Girasole,2,Germania,5621,15.63
Girasole,3,Francia,1859,5.17
Girasole,4,Svizzera (incluso Liechtenstein),950,2.64
Girasole,5,Polonia,593,1.65
Golfo Aranci,1,Italia,466357,42.84
Golfo Aranci,2,Germania,210672,19.35
Golfo Aranci,3,Svizzera (incluso Liechtenstein),78874,7.25
Golfo Aranci,4,Regno Unito,57485,5.28
Golfo Aranci,5,Francia,47229,4.34
Gonnesa,1,Italia,38383,59.05
Gonnesa,2,Germania,7943,12.22
Gonnesa,3,Francia,5051,7.77
Gonnesa,4,Svizzera (incluso Liechtenstein),2486,3.82
Gonnesa,5,Polonia,1347,2.07
Gonnosfanadiga,1,Italia,2354,40.06
Gonnosfanadiga,2,Germania,901,15.33
Gonnosfanadiga,3,Francia,705,12.0
Gonnosfanadiga,4,Paesi Bassi,327,5.57
Gonnosfanadiga,5,Belgio,275,4.68
Gonnosnò,1,Spagna,46,40.35
Gonnosnò,2,Italia,29,25.44
Gonnosnò,3,Repubblica Ceca,12,10.53
Gonnosnò,4,Germania,9,7.89
Gonnosnò,5,Francia,8,7.02
Gonnostramatza,1,Italia,317,27.73
Gonnostramatza,2,Francia,201,17.59
Gonnostramatza,3,Germania,167,14.61
Gonnostramatza,4,Polonia,122,10.67
Gonnostramatza,5,Ucraina,49,4.29
Guamaggiore,1,Italia,67,100.0
Guasila,1,Italia,163,93.68
Guasila,2,Germania,11,6.32
Guspini,1,Italia,19149,49.21
Guspini,2,Francia,4819,12.38
Guspini,3,Germania,4149,10.66
Guspini,4,Spagna,2690,6.91
Guspini,5,Svizzera (incluso Liechtenstein),1384,3.56
Iglesias,1,Italia,137016,57.01
Iglesias,2,Francia,26721,11.12
Iglesias,3,Germania,25105,10.45
Iglesias,4,Polonia,6104,2.54
Iglesias,5,Spagna,5486,2.28
Ilbono,1,Italia,7020,55.3
Ilbono,2,Germania,1959,15.43
Ilbono,3,Francia,840,6.62
Ilbono,4,Paesi Bassi,315,2.48
Ilbono,5,Belgio,269,2.12
Irgoli,1,Italia,7276,46.05
Irgoli,2,Germania,3485,22.06
Irgoli,3,Francia,1631,10.32
Irgoli,4,Spagna,479,3.03
Irgoli,5,Regno Unito,393,2.49
Isili,1,Italia,4762,77.13
Isili,2,Francia,221,3.58
Isili,3,Germania,216,3.5
Isili,4,Romania,111,1.8
Isili,5,Svizzera (incluso Liechtenstein),70,1.13
Ittiri,1,Italia,2137,69.52
Ittiri,2,Francia,205,6.67
Ittiri,3,Spagna,171,5.56
Ittiri,4,Germania,150,4.88
Ittiri,5,Polonia,84,2.73
Jerzu,1,Italia,9003,35.08
Jerzu,2,Germania,5983,23.31
Jerzu,3,Francia,2341,9.12
Jerzu,4,Paesi Bassi,1262,4.92
Jerzu,5,Svizzera (incluso Liechtenstein),1071,4.17
La Maddalena,1,Italia,638433,53.97
La Maddalena,2,Francia,130694,11.05
La Maddalena,3,Germania,112323,9.49
La Maddalena,4,Svizzera (incluso Liechtenstein),41286,3.49
La Maddalena,5,Spagna,39481,3.34
Laconi,1,Italia,6494,82.59
Laconi,2,Germania,259,3.29
Laconi,3,Francia,158,2.01
Laconi,4,Paesi Bassi,102,1.3
Laconi,5,Svizzera (incluso Liechtenstein),87,1.11
Laerru,1,Germania,309,28.53
Laerru,2,Italia,183,16.9
Laerru,3,Francia,110,10.16
Laerru,4,Spagna,97,8.96
Laerru,5,Altri Paesi Asia Occidentale,60,5.54
Lanusei,1,Italia,20415,72.22
Lanusei,2,Francia,1819,6.43
Lanusei,3,Germania,1731,6.12
Lanusei,4,Spagna,600,2.12
Lanusei,5,Polonia,478,1.69
Las Plassas,1,Italia,78,46.99
Las Plassas,2,Francia,51,30.72
Las Plassas,3,Svizzera (incluso Liechtenstein),14,8.43
Las Plassas,4,Paesi Bassi,13,7.83
Las Plassas,5,Germania,5,3.01
Loceri,1,Italia,7502,44.71
Loceri,2,Germania,3450,20.56
Loceri,3,Francia,1310,7.81
Loceri,4,Spagna,658,3.92
Loceri,5,Paesi Bassi,549,3.27
Loculi,1,Italia,1521,37.73
Loculi,2,Germania,683,16.94
Loculi,3,Francia,664,16.47
Loculi,4,Spagna,166,4.12
Loculi,5,Polonia,146,3.62
Lodine,1,Italia,56,100.0
Lodè,1,Italia,323,51.76
Lodè,2,Francia,129,20.67
Lodè,3,Germania,100,16.03
Lodè,4,Spagna,17,2.72
Lodè,5,Belgio,15,2.4
Loiri Porto San Paolo,1,Italia,227408,36.5
Loiri Porto San Paolo,2,Germania,145720,23.39
Loiri Porto San Paolo,3,Francia,45162,7.25
Loiri Porto San Paolo,4,Svizzera (incluso Liechtenstein),32721,5.25
Loiri Porto San Paolo,5,Regno Unito,27138,4.36
Lotzorai,1,Italia,185308,49.06
Lotzorai,2,Germania,108082,28.61
Lotzorai,3,Svizzera (incluso Liechtenstein),21346,5.65
Lotzorai,4,Austria,13045,3.45
Lotzorai,5,Francia,12277,3.25
Lula,1,Italia,463,73.73
Lula,2,Francia,67,10.67
Lula,3,Spagna,34,5.41
Lula,4,Germania,22,3.5
Lula,5,Belgio,7,1.11
Lunamatrona,1,Italia,253,38.69
Lunamatrona,2,Francia,123,18.81
Lunamatrona,3,Germania,102,15.6
Lunamatrona,4,Paesi Bassi,51,7.8
Lunamatrona,5,Repubblica Ceca,29,4.43
Luogosanto,1,Italia,9652,26.36
Luogosanto,2,Germania,5490,14.99
Luogosanto,3,Francia,4516,12.33
Luogosanto,4,Spagna,3019,8.24
Luogosanto,5,Lussemburgo,1710,4.67
Luras,1,Italia,1100,43.65
Luras,2,Francia,543,21.55
Luras,3,Germania,393,15.6
Luras,4,Polonia,91,3.61
Luras,5,Spagna,89,3.53
Macomer,1,Italia,42675,96.14
Macomer,2,Spagna,274,0.62
Macomer,3,Germania,164,0.37
Macomer,4,Francia,162,0.36
Macomer,5,Romania,115,0.26
Magomadas,1,Italia,13315,27.98
Magomadas,2,Germania,12210,25.66
Magomadas,3,Francia,7624,16.02
Magomadas,4,Svizzera (incluso Liechtenstein),2094,4.4
Magomadas,5,Paesi Bassi,1770,3.72
Mamoiada,1,Italia,5170,57.41
Mamoiada,2,Francia,828,9.19
Mamoiada,3,Germania,466,5.17
Mamoiada,4,Spagna,452,5.02
Mamoiada,5,Paesi Bassi,225,2.5
Mandas,1,Italia,2713,43.37
Mandas,2,Germania,902,14.42
Mandas,3,Paesi Bassi,621,9.93
Mandas,4,Francia,408,6.52
Mandas,5,Regno Unito,270,4.32
Mara,1,Italia,167,41.54
Mara,2,Spagna,91,22.64
Mara,3,Francia,32,7.96
Mara,4,Germania,21,5.22
Mara,5,Polonia,18,4.48
Maracalagonis,1,Italia,354417,65.78
Maracalagonis,2,Germania,51970,9.65
Maracalagonis,3,Svizzera (incluso Liechtenstein),23291,4.32
Maracalagonis,4,Francia,21605,4.01
Maracalagonis,5,Regno Unito,13564,2.52
Marrubiu,1,Italia,4070,60.31
Marrubiu,2,Francia,779,11.54
Marrubiu,3,Paesi Bassi,396,5.87
Marrubiu,4,Germania,380,5.63
Marrubiu,5,Spagna,286,4.24
Martis,1,Italia,654,32.54
Martis,2,Francia,313,15.57
Martis,3,Germania,308,15.32
Martis,4,Spagna,308,15.32
Martis,5,Belgio,49,2.44
Masainas,1,Italia,7150,61.57
Masainas,2,Francia,1473,12.69
Masainas,3,Germania,1150,9.9
Masainas,4,Polonia,411,3.54
Masainas,5,Svizzera (incluso Liechtenstein),258,2.22
Masullas,1,Italia,236,52.56
Masullas,2,Germania,88,19.6
Masullas,3,Francia,42,9.35
Masullas,4,Estonia,25,5.57
Masullas,5,Austria,12,2.67
Meana Sardo,1,Italia,945,82.39
Meana Sardo,2,Francia,50,4.36
Meana Sardo,3,Grecia,30,2.62
Meana Sardo,4,Germania,17,1.48
Meana Sardo,5,Irlanda,15,1.31
Milis,1,Italia,1686,25.37
Milis,2,Germania,1472,22.15
Milis,3,Francia,870,13.09
Milis,4,Stati Uniti d'America,594,8.94
Milis,5,Spagna,257,3.87
Modolo,1,Italia,2515,31.79
Modolo,2,Francia,1786,22.57
Modolo,3,Germania,1092,13.8
Modolo,4,Spagna,501,6.33
Modolo,5,Paesi Bassi,327,4.13
Mogoro,1,Italia,690,39.38
Mogoro,2,Francia,275,15.7
Mogoro,3,Spagna,199,11.36
Mogoro,4,Polonia,93,5.31
Mogoro,5,Germania,86,4.91
Monastir,1,Italia,19711,66.07
Monastir,2,Francia,2403,8.06
Monastir,3,Spagna,1808,6.06
Monastir,4,Germania,1370,4.59
Monastir,5,Paesi Bassi,558,1.87
Monserrato,1,Italia,19189,53.89
Monserrato,2,Francia,3686,10.35
Monserrato,3,Germania,2213,6.22
Monserrato,4,Spagna,1427,4.01
Monserrato,5,Polonia,1344,3.77
Monteleone Rocca Doria,1,Francia,92,25.41
Monteleone Rocca Doria,2,Germania,72,19.89
Monteleone Rocca Doria,3,Italia,53,14.64
Monteleone Rocca Doria,4,Paesi Bassi,30,8.29
Monteleone Rocca Doria,5,Ungheria,22,6.08
Monti,1,Italia,2115,47.71
Monti,2,Francia,789,17.8
Monti,3,Germania,420,9.47
Monti,4,Spagna,288,6.5
Monti,5,Paesi Bassi,161,3.63
Mores,1,Italia,2724,28.83
Mores,2,Germania,1696,17.95
Mores,3,Francia,1195,12.65
Mores,4,Paesi Bassi,977,10.34
Mores,5,Regno Unito,472,4.99
Muravera,1,Italia,1703003,59.23
Muravera,2,Germania,570726,19.85
Muravera,3,Svizzera (incluso Liechtenstein),241451,8.4
Muravera,4,Austria,51308,1.78
Muravera,5,Francia,51058,1.78
Muros,1,Francia,153,75.37
Muros,2,Spagna,27,13.3
Muros,3,Italia,23,11.33
Musei,1,Italia,255,46.45
Musei,2,Germania,76,13.84
Musei,3,Polonia,51,9.29
Musei,4,Francia,44,8.01
Musei,5,Spagna,36,6.56
Narbolia,1,Italia,170514,50.2
Narbolia,2,Germania,92336,27.18
Narbolia,3,Svizzera (incluso Liechtenstein),25590,7.53
Narbolia,4,Francia,14297,4.21
Narbolia,5,Austria,9538,2.81
Narcao,1,Italia,1487,93.23
Narcao,2,Francia,36,2.26
Narcao,3,Svizzera (incluso Liechtenstein),21,1.32
Narcao,4,Germania,19,1.19
Narcao,5,Polonia,10,0.63
Norbello,1,Italia,4271,44.3
Norbello,2,Spagna,1457,15.11
Norbello,3,Francia,1364,14.15
Norbello,4,Germania,813,8.43
Norbello,5,Paesi Bassi,542,5.62
Nughedu San Nicolò,1,Italia,652,53.8
Nughedu San Nicolò,2,Germania,155,12.79
Nughedu San Nicolò,3,Francia,130,10.73
Nughedu San Nicolò,4,Paesi Bassi,59,4.87
Nughedu San Nicolò,5,Spagna,54,4.46
Nughedu Santa Vittoria,1,Italia,282,66.04
Nughedu Santa Vittoria,2,Germania,44,10.3
Nughedu Santa Vittoria,3,Francia,21,4.92
Nughedu Santa Vittoria,4,Spagna,13,3.04
Nughedu Santa Vittoria,5,Romania,10,2.34
Nulvi,1,Francia,2344,26.42
Nulvi,2,Germania,2273,25.62
Nulvi,3,Italia,1420,16.01
Nulvi,4,Spagna,776,8.75
Nulvi,5,Svizzera (incluso Liechtenstein),379,4.27
Nuoro,1,Italia,154031,72.69
Nuoro,2,Francia,12749,6.02
Nuoro,3,Germania,8336,3.93
Nuoro,4,Spagna,6453,3.05
Nuoro,5,Paesi Bassi,3418,1.61
Nurachi,1,Italia,13539,52.16
Nurachi,2,Germania,4040,15.56
Nurachi,3,Francia,2865,11.04
Nurachi,4,Spagna,1019,3.93
Nurachi,5,Svizzera (incluso Liechtenstein),831,3.2
Nuragus,1,Italia,149,81.42
Nuragus,2,Francia,18,9.84
Nuragus,3,Germania,5,2.73
Nuragus,4,Spagna,4,2.19
Nuragus,5,Polonia,3,1.64
Nurallao,1,Italia,1489,62.85
Nurallao,2,Francia,235,9.92
Nurallao,3,Germania,199,8.4
Nurallao,4,Svizzera (incluso Liechtenstein),97,4.09
Nurallao,5,Spagna,47,1.98
Nuraminis,1,Italia,8876,85.13
Nuraminis,2,Romania,310,2.97
Nuraminis,3,Francia,223,2.14
Nuraminis,4,Spagna,211,2.02
Nuraminis,5,Altri Paesi Africa Mediterranea,174,1.67
Nureci,1,Italia,518,44.89
Nureci,2,Germania,148,12.82
Nureci,3,Francia,102,8.84
Nureci,4,Svizzera (incluso Liechtenstein),66,5.72
Nureci,5,Paesi Bassi,60,5.2
Nurri,1,Italia,4603,93.03
Nurri,2,Spagna,90,1.82
Nurri,3,Germania,50,1.01
Nurri,4,Francia,45,0.91
Nurri,5,Grecia,31,0.63
Nuxis,1,Italia,322,35.58
Nuxis,2,Germania,182,20.11
Nuxis,3,Spagna,156,17.24
Nuxis,4,Paesi Bassi,47,5.19
Nuxis,5,Francia,38,4.2
Olbia,1,Italia,1489827,37.87
Olbia,2,Germania,507804,12.91
Olbia,3,Francia,390587,9.93
Olbia,4,Regno Unito,193050,4.91
Olbia,5,Svizzera (incluso Liechtenstein),182487,4.64
Oliena,1,Italia,55802,40.94
Oliena,2,Stati Uniti d'America,13883,10.19
Oliena,3,Germania,12339,9.05
Oliena,4,Francia,12195,8.95
Oliena,5,Regno Unito,8397,6.16
Ollastra,1,Italia,84,75.0
Ollastra,2,Germania,10,8.93
Ollastra,3,Paesi Bassi,6,5.36
Ollastra,4,Spagna,6,5.36
Ollastra,5,Slovenia,4,3.57
Ollolai,1,Italia,916,67.4
Ollolai,2,Austria,77,5.67
Ollolai,3,Germania,67,4.93
Ollolai,4,Francia,64,4.71
Ollolai,5,Stati Uniti d'America,62,4.56
Olmedo,1,Italia,15085,43.03
Olmedo,2,Francia,4776,13.62
Olmedo,3,Germania,3705,10.57
Olmedo,4,Spagna,2911,8.3
Olmedo,5,Paesi Bassi,1693,4.83
Onifai,1,Italia,2627,35.3
Onifai,2,Francia,1187,15.95
Onifai,3,Germania,982,13.2
Onifai,4,Spagna,611,8.21
Onifai,5,Polonia,242,3.25
Orani,1,Italia,5177,75.52
Orani,2,Francia,483,7.05
Orani,3,Germania,438,6.39
Orani,4,Spagna,105,1.53
Orani,5,Regno Unito,77,1.12
Orgosolo,1,Italia,9759,45.74
Orgosolo,2,Francia,3679,17.24
Orgosolo,3,Germania,2091,9.8
Orgosolo,4,Spagna,835,3.91
Orgosolo,5,Polonia,695,3.26
Oristano,1,Italia,480427,60.18
Oristano,2,Germania,70521,8.83
Oristano,3,Francia,57369,7.19
Oristano,4,Svizzera (incluso Liechtenstein),24549,3.08
Oristano,5,Spagna,23462,2.94
Orosei,1,Italia,2159380,60.87
Orosei,2,Germania,581024,16.38
Orosei,3,Svizzera (incluso Liechtenstein),251879,7.1
Orosei,4,Francia,113045,3.19
Orosei,5,Austria,55597,1.57
Orroli,1,Italia,1242,51.88
Orroli,2,Germania,318,13.28
Orroli,3,Francia,167,6.98
Orroli,4,Regno Unito,95,3.97
Orroli,5,Stati Uniti d'America,82,3.43
Ortueri,1,Italia,402,67.56
Ortueri,2,Francia,171,28.74
Ortueri,3,Polonia,8,1.34
Ortueri,4,Germania,4,0.67
Ortueri,5,Repubblica Ceca,3,0.5
Orune,1,Italia,15,100.0
Oschiri,1,Italia,1757,47.22
Oschiri,2,Germania,568,15.26
Oschiri,3,Francia,446,11.99
Oschiri,4,Paesi Bassi,181,4.86
Oschiri,5,Spagna,170,4.57
Osidda,1,Italia,77,88.51
Osidda,2,Francia,6,6.9
Osidda,3,Altri Paesi Europei,2,2.3
Osidda,4,Russia,2,2.3
Osilo,1,Francia,644,21.47
Osilo,2,Germania,594,19.81
Osilo,3,Italia,392,13.07
Osilo,4,Paesi Bassi,352,11.74
Osilo,5,Spagna,191,6.37
Osini,1,Italia,3504,58.55
Osini,2,Francia,526,8.79
Osini,3,Germania,524,8.76
Osini,4,Regno Unito,203,3.39
Osini,5,Svizzera (incluso Liechtenstein),164,2.74
Ossi,1,Italia,1277,36.83
Ossi,2,Francia,675,19.47
Ossi,3,Germania,444,12.81
Ossi,4,Spagna,358,10.33
Ossi,5,Paesi Bassi,160,4.61
Ottana,1,Italia,9305,91.62
Ottana,2,Cina,160,1.58
Ottana,3,Romania,128,1.26
Ottana,4,Altri Paesi dell'Africa,97,0.96
Ottana,5,Egitto,87,0.86
Ovodda,1,Italia,1194,97.47
Ovodda,2,Romania,17,1.39
Ovodda,3,Portogallo,10,0.82
Ovodda,4,Francia,4,0.33
Ozieri,1,Italia,14107,81.65
Ozieri,2,Romania,787,4.56
Ozieri,3,Francia,515,2.98
Ozieri,4,Germania,447,2.59
Ozieri,5,Spagna,213,1.23
Pabillonis,1,Italia,1947,53.11
Pabillonis,2,Germania,436,11.89
Pabillonis,3,Francia,277,7.56
Pabillonis,4,Spagna,236,6.44
Pabillonis,5,Polonia,200,5.46
Padria,1,Italia,190,58.64
Padria,2,Regno Unito,64,19.75
Padria,3,Svizzera (incluso Liechtenstein),41,12.65
Padria,4,Paesi Bassi,13,4.01
Padria,5,Germania,8,2.47
Padru,1,Italia,3726,41.35
Padru,2,Germania,1727,19.17
Padru,3,Francia,979,10.86
Padru,4,Spagna,397,4.41
Padru,5,Romania,282,3.13
Palau,1,Italia,1087272,42.56
Palau,2,Germania,567742,22.22
Palau,3,Svizzera (incluso Liechtenstein),206488,8.08
Palau,4,Francia,153160,5.99
Palau,5,Paesi Bassi,74889,2.93
Palmas Arborea,1,Italia,368,75.88
Palmas Arborea,2,Francia,65,13.4
Palmas Arborea,3,Repubblica Ceca,26,5.36
Palmas Arborea,4,Spagna,16,3.3
Palmas Arborea,5,Paesi Bassi,7,1.44
Pattada,1,Italia,274,50.18
Pattada,2,Francia,132,24.18
Pattada,3,Germania,36,6.59
Pattada,4,Svizzera (incluso Liechtenstein),28,5.13
Pattada,5,Spagna,15,2.75
Pau,1,Polonia,63,34.43
Pau,2,Belgio,48,26.23
Pau,3,Spagna,46,25.14
Pau,4,Francia,20,10.93
Pau,5,Altri Paesi Centro - Sud America,6,3.28
Pauli Arbarei,1,Italia,819,69.29
Pauli Arbarei,2,Germania,76,6.43
Pauli Arbarei,3,Francia,61,5.16
Pauli Arbarei,4,Spagna,41,3.47
Pauli Arbarei,5,Stati Uniti d'America,36,3.05
Paulilatino,1,Italia,4945,53.96
Paulilatino,2,Germania,1013,11.05
Paulilatino,3,Francia,672,7.33
Paulilatino,4,Spagna,439,4.79
Paulilatino,5,Paesi Bassi,256,2.79
Perdasdefogu,1,Italia,996,94.59
Perdasdefogu,2,Germania,11,1.04
Perdasdefogu,3,Svizzera (incluso Liechtenstein),10,0.95
Perdasdefogu,4,Austria,7,0.66
Perdasdefogu,5,Polonia,6,0.57
Perdaxius,1,Paesi Bassi,79,45.93
Perdaxius,2,Germania,42,24.42
Perdaxius,3,Svizzera (incluso Liechtenstein),14,8.14
Perdaxius,4,Italia,10,5.81
Perdaxius,5,Austria,7,4.07
Perfugas,1,Italia,1272,23.39
Perfugas,2,Francia,1239,22.78
Perfugas,3,Germania,598,11.0
Perfugas,4,Paesi Bassi,554,10.19
Perfugas,5,Spagna,503,9.25
Pimentel,1,Italia,683,24.63
Pimentel,2,Francia,565,20.38
Pimentel,3,Germania,482,17.38
Pimentel,4,Spagna,190,6.85
Pimentel,5,Belgio,168,6.06
Piscinas,1,Italia,1472,80.0
Piscinas,2,Germania,121,6.58
Piscinas,3,Francia,101,5.49
Piscinas,4,Polonia,25,1.36
Piscinas,5,Belgio,21,1.14
Ploaghe,1,Italia,1108,65.6
Ploaghe,2,Spagna,178,10.54
Ploaghe,3,Germania,119,7.05
Ploaghe,4,Francia,102,6.04
Ploaghe,5,Lituania,21,1.24
Pompu,1,Italia,114,65.52
Pompu,2,Moldavia,13,7.47
Pompu,3,Germania,12,6.9
Pompu,4,Croazia,10,5.75
Pompu,5,Francia,9,5.17
Porto Torres,1,Italia,120643,56.43
Porto Torres,2,Francia,29285,13.7
Porto Torres,3,Spagna,22591,10.57
Porto Torres,4,Germania,8895,4.16
Porto Torres,5,Polonia,4000,1.87
Portoscuso,1,Italia,56502,50.78
Portoscuso,2,Germania,12247,11.01
Portoscuso,3,Francia,10123,9.1
Portoscuso,4,Svizzera (incluso Liechtenstein),4570,4.11
Portoscuso,5,Regno Unito,3009,2.7
Posada,1,Italia,75598,56.29
Posada,2,Germania,24222,18.03
Posada,3,Francia,6950,5.17
Posada,4,Svizzera (incluso Liechtenstein),3660,2.73
Posada,5,Spagna,3062,2.28
Pozzomaggiore,1,Italia,1061,32.71
Pozzomaggiore,2,Spagna,647,19.94
Pozzomaggiore,3,Francia,387,11.93
Pozzomaggiore,4,Germania,382,11.78
Pozzomaggiore,5,Paesi Bassi,148,4.56
Pula,1,Italia,949624,43.44
Pula,2,Germania,302736,13.85
Pula,3,Svizzera (incluso Liechtenstein),164560,7.53
Pula,4,Regno Unito,161410,7.38
Pula,5,Francia,122917,5.62
Putifigari,1,Italia,1195,42.94
Putifigari,2,Francia,730,26.23
Putifigari,3,Spagna,187,6.72
Putifigari,4,Germania,108,3.88
Putifigari,5,Polonia,99,3.56
Quartu Sant'Elena,1,Italia,399619,35.08
Quartu Sant'Elena,2,Germania,155038,13.61
Quartu Sant'Elena,3,Francia,147470,12.95
Quartu Sant'Elena,4,Polonia,55867,4.9
Quartu Sant'Elena,5,Svizzera (incluso Liechtenstein),40766,3.58
Quartucciu,1,Italia,25664,50.27
Quartucciu,2,Germania,5093,9.98
Quartucciu,3,Francia,5037,9.87
Quartucciu,4,Spagna,2208,4.32
Quartucciu,5,Polonia,2066,4.05
Riola Sardo,1,Italia,33198,66.23
Riola Sardo,2,Germania,3909,7.8
Riola Sardo,3,Francia,3409,6.8
Riola Sardo,4,Svizzera (incluso Liechtenstein),1762,3.52
Riola Sardo,5,Belgio,1151,2.3
Ruinas,1,Francia,180,26.55
Ruinas,2,Germania,159,23.45
Ruinas,3,Italia,148,21.83
Ruinas,4,Paesi Bassi,40,5.9
Ruinas,5,Portogallo,30,4.42
Sadali,1,Italia,2918,86.79
Sadali,2,Germania,101,3.0
Sadali,3,Paesi Bassi,53,1.58
Sadali,4,Francia,37,1.1
Sadali,5,Svizzera (incluso Liechtenstein),37,1.1
Sagama,1,Italia,540,64.36
Sagama,2,Francia,146,17.4
Sagama,3,Germania,64,7.63
Sagama,4,Spagna,34,4.05
Sagama,5,Russia,9,1.07
Samassi,1,Italia,228,88.03
Samassi,2,Altri Paesi dell'Africa,20,7.72
Samassi,3,Stati Uniti d'America,6,2.32
Samassi,4,Altri Paesi Africa Mediterranea,3,1.16
Samassi,5,Francia,1,0.39
Samatzai,1,Italia,178,59.53
Samatzai,2,Francia,48,16.05
Samatzai,3,Romania,14,4.68
Samatzai,4,Slovacchia,12,4.01
Samatzai,5,Spagna,12,4.01
Samugheo,1,Italia,722,63.17
Samugheo,2,Stati Uniti d'America,140,12.25
Samugheo,3,Germania,138,12.07
Samugheo,4,Spagna,30,2.62
Samugheo,5,Giappone,20,1.75
San Gavino Monreale,1,Italia,4188,86.37
San Gavino Monreale,2,Germania,133,2.74
San Gavino Monreale,3,Argentina,80,1.65
San Gavino Monreale,4,Francia,74,1.53
San Gavino Monreale,5,Norvegia,66,1.36
San Giovanni Suergiu,1,Italia,22364,46.38
San Giovanni Suergiu,2,Germania,6388,13.25
San Giovanni Suergiu,3,Francia,4744,9.84
San Giovanni Suergiu,4,Svizzera (incluso Liechtenstein),2814,5.84
San Giovanni Suergiu,5,Polonia,2105,4.37
San Nicolò D'Arcidano,1,Italia,907,60.23
San Nicolò D'Arcidano,2,Germania,240,15.94
San Nicolò D'Arcidano,3,Spagna,84,5.58
San Nicolò D'Arcidano,4,Francia,54,3.59
San Nicolò D'Arcidano,5,Paesi Bassi,50,3.32
San Sperate,1,Italia,2475,38.08
San Sperate,2,Francia,1249,19.22
San Sperate,3,Germania,461,7.09
San Sperate,4,Spagna,336,5.17
San Sperate,5,Belgio,291,4.48
San Teodoro,1,Italia,1926106,58.97
San Teodoro,2,Germania,469623,14.38
San Teodoro,3,Svizzera (incluso Liechtenstein),151621,4.64
San Teodoro,4,Regno Unito,102539,3.14
San Teodoro,5,Francia,97675,2.99
San Vero Milis,1,Italia,106124,52.57
San Vero Milis,2,Germania,32460,16.08
San Vero Milis,3,Svizzera (incluso Liechtenstein),14224,7.05
San Vero Milis,4,Francia,11892,5.89
San Vero Milis,5,Paesi Bassi,5244,2.6
San Vito,1,Italia,12827,49.98
San Vito,2,Germania,5351,20.85
San Vito,3,Francia,1728,6.73
San Vito,4,Spagna,648,2.53
San Vito,5,Austria,594,2.31
Sanluri,1,Italia,11213,64.59
Sanluri,2,Germania,1302,7.5
Sanluri,3,Francia,988,5.69
Sanluri,4,Spagna,622,3.58
Sanluri,5,Stati Uniti d'America,464,2.67
Sant'Andrea Frius,1,Italia,72,78.26
Sant'Andrea Frius,2,Francia,13,14.13
Sant'Andrea Frius,3,Spagna,6,6.52
Sant'Andrea Frius,4,Germania,1,1.09
Sant'Anna Arresi,1,Italia,234715,72.64
Sant'Anna Arresi,2,Germania,21207,6.56
Sant'Anna Arresi,3,Francia,14517,4.49
Sant'Anna Arresi,4,Svizzera (incluso Liechtenstein),8023,2.48
Sant'Anna Arresi,5,Polonia,7155,2.21
Sant'Antioco,1,Italia,249648,56.65
Sant'Antioco,2,Germania,64155,14.56
Sant'Antioco,3,Francia,34804,7.9
Sant'Antioco,4,Svizzera (incluso Liechtenstein),22940,5.21
Sant'Antioco,5,Paesi Bassi,10293,2.34
Sant'Antonio Di Gallura,1,Paesi Bassi,9431,24.71
Sant'Antonio Di Gallura,2,Germania,7232,18.94
Sant'Antonio Di Gallura,3,Francia,5151,13.49
Sant'Antonio Di Gallura,4,Belgio,3876,10.15
Sant'Antonio Di Gallura,5,Italia,3098,8.12
Santa Giusta,1,Italia,3312,52.32
Santa Giusta,2,Francia,939,14.83
Santa Giusta,3,Germania,508,8.03
Santa Giusta,4,Spagna,284,4.49
Santa Giusta,5,Polonia,198,3.13
Santa Maria Coghinas,1,Italia,24087,41.58
Santa Maria Coghinas,2,Spagna,15401,26.59
Santa Maria Coghinas,3,Francia,6419,11.08
Santa Maria Coghinas,4,Germania,5198,8.97
Santa Maria Coghinas,5,Regno Unito,1142,1.97
Santa Teresa Gallura,1,Italia,891156,45.81
Santa Teresa Gallura,2,Francia,251325,12.92
Santa Teresa Gallura,3,Germania,227130,11.68
Santa Teresa Gallura,4,Svizzera (incluso Liechtenstein),86081,4.43
Santa Teresa Gallura,5,Regno Unito,56561,2.91
Santadi,1,Italia,1749,51.99
Santadi,2,Francia,413,12.28
Santadi,3,Germania,278,8.26
Santadi,4,Spagna,202,6.0
Santadi,5,Svizzera (incluso Liechtenstein),201,5.98
Santu Lussurgiu,1,Italia,15026,44.75
Santu Lussurgiu,2,Germania,4627,13.78
Santu Lussurgiu,3,Francia,3520,10.48
Santu Lussurgiu,4,Paesi Bassi,1458,4.34
Santu Lussurgiu,5,Svizzera (incluso Liechtenstein),1395,4.15
Sardara,1,Italia,195780,94.72
Sardara,2,Francia,1714,0.83
Sardara,3,Germania,1389,0.67
Sardara,4,Spagna,1273,0.62
Sardara,5,Regno Unito,895,0.43
Sarroch,1,Italia,39771,50.58
Sarroch,2,Germania,11504,14.63
Sarroch,3,Francia,5971,7.59
Sarroch,4,Regno Unito,3483,4.43
Sarroch,5,Svizzera (incluso Liechtenstein),2475,3.15
Sarule,1,Italia,969,79.49
Sarule,2,Francia,82,6.73
Sarule,3,Austria,41,3.36
Sarule,4,Altri Paesi Centro - Sud America,35,2.87
Sarule,5,Spagna,21,1.72
Sassari,1,Italia,630523,68.43
Sassari,2,Francia,52148,5.66
Sassari,3,Spagna,47562,5.16
Sassari,4,Germania,30967,3.36
Sassari,5,Romania,24629,2.67
Scano Di Montiferro,1,Italia,2042,24.02
Scano Di Montiferro,2,Francia,1921,22.6
Scano Di Montiferro,3,Germania,1303,15.33
Scano Di Montiferro,4,Spagna,1077,12.67
Scano Di Montiferro,5,Belgio,344,4.05
Sedilo,1,Italia,2545,48.07
Sedilo,2,Francia,593,11.2
Sedilo,3,Germania,450,8.5
Sedilo,4,Spagna,366,6.91
Sedilo,5,Svizzera (incluso Liechtenstein),172,3.25
Sedini,1,Italia,583,30.33
Sedini,2,Germania,407,21.18
Sedini,3,Francia,301,15.66
Sedini,4,Spagna,142,7.39
Sedini,5,Svizzera (incluso Liechtenstein),75,3.9
Selargius,1,Italia,86815,74.5
Selargius,2,Francia,5272,4.52
Selargius,3,Spagna,3699,3.17
Selargius,4,Germania,3346,2.87
Selargius,5,Polonia,1989,1.71
Selegas,1,Italia,108,46.75
Selegas,2,Germania,44,19.05
Selegas,3,Paesi Bassi,44,19.05
Selegas,4,Francia,17,7.36
Selegas,5,Altri Paesi Centro - Sud America,6,2.6
Seneghe,1,Germania,760,42.62
Seneghe,2,Francia,316,17.72
Seneghe,3,Italia,180,10.1
Seneghe,4,Paesi Bassi,95,5.33
Seneghe,5,Svizzera (incluso Liechtenstein),95,5.33
Sennariolo,1,Italia,1380,26.67
Sennariolo,2,Germania,1115,21.55
Sennariolo,3,Francia,929,17.95
Sennariolo,4,Belgio,413,7.98
Sennariolo,5,Paesi Bassi,387,7.48
Sennori,1,Italia,2180,24.49
Sennori,2,Spagna,1812,20.35
Sennori,3,Germania,1226,13.77
Sennori,4,Francia,1177,13.22
Sennori,5,Polonia,389,4.37
Senorbì,1,Italia,5420,88.88
Senorbì,2,Germania,162,2.66
Senorbì,3,Paesi Bassi,105,1.72
Senorbì,4,Spagna,67,1.1
Senorbì,5,Francia,65,1.07
Serdiana,1,Italia,376,44.76
Serdiana,2,Francia,123,14.64
Serdiana,3,Germania,53,6.31
Serdiana,4,Spagna,42,5.0
Serdiana,5,Regno Unito,36,4.29
Serramanna,1,Italia,1594,48.61
Serramanna,2,Francia,450,13.72
Serramanna,3,Germania,416,12.69
Serramanna,4,Spagna,238,7.26
Serramanna,5,Paesi Bassi,138,4.21
Serrenti,1,Italia,208,76.19
Serrenti,2,Paesi Bassi,22,8.06
Serrenti,3,Spagna,19,6.96
Serrenti,4,Brasile,12,4.4
Serrenti,5,Cina,4,1.47
Serri,1,Italia,869,47.96
Serri,2,Germania,256,14.13
Serri,3,Francia,181,9.99
Serri,4,Paesi Bassi,66,3.64
Serri,5,Belgio,56,3.09
Sestu,1,Italia,19012,66.43
Sestu,2,Francia,2617,9.14
Sestu,3,Spagna,1248,4.36
Sestu,4,Germania,1101,3.85
Sestu,5,Romania,544,1.9
Settimo San Pietro,1,Italia,2187,87.2
Settimo San Pietro,2,Spagna,96,3.83
Settimo San Pietro,3,Francia,75,2.99
Settimo San Pietro,4,Svizzera (incluso Liechtenstein),21,0.84
Settimo San Pietro,5,Portogallo,19,0.76
Seui,1,Canada,15,34.88
Seui,2,Italia,9,20.93
Seui,3,Germania,6,13.95
Seui,4,Paesi Bassi,6,13.95
Seui,5,Stati Uniti d'America,4,9.3
Seulo,1,Italia,1727,43.9
Seulo,2,Germania,536,13.62
Seulo,3,Danimarca,390,9.91
Seulo,4,Francia,336,8.54
Seulo,5,Paesi Bassi,160,4.07
Siamaggiore,1,Italia,3662,36.0
Siamaggiore,2,Germania,1616,15.89
Siamaggiore,3,Francia,1325,13.02
Siamaggiore,4,Paesi Bassi,768,7.55
Siamaggiore,5,Belgio,501,4.92
Siamanna,1,Italia,463,69.73
Siamanna,2,Francia,110,16.57
Siamanna,3,Spagna,21,3.16
Siamanna,4,Germania,19,2.86
Siamanna,5,Svizzera (incluso Liechtenstein),17,2.56
Siddi,1,Italia,12,48.0
Siddi,2,Germania,6,24.0
Siddi,3,Francia,3,12.0
Siddi,4,Belgio,2,8.0
Siddi,5,Spagna,1,4.0
Silanus,1,Italia,104,100.0
Siliqua,1,Italia,359,39.23
Siliqua,2,Francia,91,9.95
Siliqua,3,Paesi Bassi,80,8.74
Siliqua,4,Germania,66,7.21
Siliqua,5,Spagna,65,7.1
Silius,1,Italia,42,27.27
Silius,2,Francia,39,25.32
Silius,3,Polonia,34,22.08
Silius,4,Argentina,10,6.49
Silius,5,Germania,7,4.55
Simaxis,1,Italia,1841,63.35
Simaxis,2,Francia,349,12.01
Simaxis,3,Germania,258,8.88
Simaxis,4,Spagna,143,4.92
Simaxis,5,Paesi Bassi,37,1.27
Sindia,1,Italia,262,42.74
Sindia,2,Spagna,208,33.93
Sindia,3,Romania,66,10.77
Sindia,4,Altri Paesi dell'Asia,32,5.22
Sindia,5,Polonia,14,2.28
Sini,1,Italia,65,37.57
Sini,2,Germania,47,27.17
Sini,3,Francia,19,10.98
Sini,4,Svizzera (incluso Liechtenstein),14,8.09
Sini,5,Paesi Bassi,6,3.47
Siniscola,1,Italia,428660,58.06
Siniscola,2,Germania,126454,17.13
Siniscola,3,Svizzera (incluso Liechtenstein),31586,4.28
Siniscola,4,Francia,31321,4.24
Siniscola,5,Austria,18255,2.47
Sinnai,1,Italia,57949,41.27
Sinnai,2,Germania,28143,20.04
Sinnai,3,Francia,10018,7.13
Sinnai,4,Svizzera (incluso Liechtenstein),8383,5.97
Sinnai,5,Polonia,4240,3.02
Siurgus Donigala,1,Italia,235,35.55
Siurgus Donigala,2,Germania,102,15.43
Siurgus Donigala,3,Francia,82,12.41
Siurgus Donigala,4,Spagna,58,8.77
Siurgus Donigala,5,Polonia,42,6.35
Solarussa,1,Italia,1878,30.61
Solarussa,2,Francia,1196,19.49
Solarussa,3,Germania,870,14.18
Solarussa,4,Altri Paesi Europei,332,5.41
Solarussa,5,Spagna,289,4.71
Soleminis,1,Italia,902,45.93
Soleminis,2,Germania,196,9.98
Soleminis,3,Francia,194,9.88
Soleminis,4,Spagna,160,8.15
Soleminis,5,Paesi Bassi,131,6.67
Sorgono,1,Italia,2189,55.03
Sorgono,2,Germania,414,10.41
Sorgono,3,Francia,369,9.28
Sorgono,4,Paesi Bassi,208,5.23
Sorgono,5,Spagna,117,2.94
Sorradile,1,Italia,571,78.11
Sorradile,2,Regno Unito,32,4.38
Sorradile,3,Islanda,30,4.1
Sorradile,4,Romania,28,3.83
Sorradile,5,Egitto,23,3.15
Sorso,1,Italia,182876,47.16
Sorso,2,Francia,93019,23.99
Sorso,3,Germania,31115,8.02
Sorso,4,Spagna,14727,3.8
Sorso,5,Svizzera (incluso Liechtenstein),8202,2.12
Stintino,1,Italia,1015893,75.05
Stintino,2,Germania,69615,5.14
Stintino,3,Francia,42810,3.16
Stintino,4,Svizzera (incluso Liechtenstein),34424,2.54
Stintino,5,Spagna,34149,2.52
Suni,1,Italia,1445,36.43
Suni,2,Francia,808,20.37
Suni,3,Germania,524,13.21
Suni,4,Spagna,377,9.51
Suni,5,Belgio,167,4.21
Talana,1,Italia,381,29.06
Talana,2,Svizzera (incluso Liechtenstein),218,16.63
Talana,3,Germania,204,15.56
Talana,4,Malta,120,9.15
Talana,5,Francia,92,7.02
Telti,1,Italia,4667,32.67
Telti,2,Germania,2168,15.18
Telti,3,Francia,2028,14.2
Telti,4,Regno Unito,951,6.66
Telti,5,Spagna,777,5.44
Tempio Pausania,1,Italia,71402,50.24
Tempio Pausania,2,Germania,11415,8.03
Tempio Pausania,3,Paesi Bassi,11228,7.9
Tempio Pausania,4,Polonia,10736,7.55
Tempio Pausania,5,Francia,10685,7.52
Tergu,1,Italia,7772,22.61
Tergu,2,Francia,7126,20.73
Tergu,3,Spagna,5755,16.75
Tergu,4,Germania,3777,10.99
Tergu,5,Ungheria,1639,4.77
Terralba,1,Italia,10937,68.81
Terralba,2,Francia,1107,6.96
Terralba,3,Germania,1013,6.37
Terralba,4,Spagna,448,2.82
Terralba,5,Polonia,292,1.84
Tertenia,1,Germania,69474,33.21
Tertenia,2,Italia,52963,25.32
Tertenia,3,Francia,17656,8.44
Tertenia,4,Svizzera (incluso Liechtenstein),14226,6.8
Tertenia,5,Polonia,7257,3.47
Teti,1,Italia,424,79.1
Teti,2,Egitto,66,12.31
Teti,3,Paesi Bassi,27,5.04
Teti,4,Francia,11,2.05
Teti,5,Altri Paesi dell'Asia,2,0.37
Teulada,1,Italia,108173,56.76
Teulada,2,Germania,20138,10.57
Teulada,3,Francia,18552,9.74
Teulada,4,Svizzera (incluso Liechtenstein),6271,3.29
Teulada,5,Regno Unito,4459,2.34
Thiesi,1,Italia,7450,84.88
Thiesi,2,Francia,330,3.76
Thiesi,3,Spagna,232,2.64
Thiesi,4,Svizzera (incluso Liechtenstein),231,2.63
Thiesi,5,Ucraina,92,1.05
Tinnura,1,Italia,115,26.5
Tinnura,2,Germania,97,22.35
Tinnura,3,Francia,94,21.66
Tinnura,4,Paesi Bassi,22,5.07
Tinnura,5,Repubblica Ceca,16,3.69
Tissi,1,Italia,354,33.05
Tissi,2,Francia,266,24.84
Tissi,3,Germania,99,9.24
Tissi,4,Spagna,98,9.15
Tissi,5,Regno Unito,48,4.48
Tonara,1,Italia,3058,70.61
Tonara,2,Germania,314,7.25
Tonara,3,Francia,203,4.69
Tonara,4,Regno Unito,129,2.98
Tonara,5,Paesi Bassi,125,2.89
Torpè,1,Italia,11639,47.48
Torpè,2,Germania,4687,19.12
Torpè,3,Francia,2138,8.72
Torpè,4,Paesi Bassi,841,3.43
Torpè,5,Spagna,791,3.23
Torralba,1,Italia,505,90.66
Torralba,2,Francia,13,2.33
Torralba,3,Romania,10,1.8
Torralba,4,Malta,8,1.44
Torralba,5,Germania,4,0.72
Tortolì,1,Italia,1345554,48.32
Tortolì,2,Germania,543201,19.51
Tortolì,3,Francia,184286,6.62
Tortolì,4,Svizzera (incluso Liechtenstein),174451,6.26
Tortolì,5,Austria,101963,3.66
Tramatza,1,Italia,13261,87.8
Tramatza,2,Francia,392,2.6
Tramatza,3,Altri Paesi dell'Africa,376,2.49
Tramatza,4,Altri Paesi Africa Mediterranea,273,1.81
Tramatza,5,Germania,166,1.1
Tratalias,1,Italia,9277,71.49
Tratalias,2,Francia,1046,8.06
Tratalias,3,Germania,800,6.17
Tratalias,4,Svizzera (incluso Liechtenstein),297,2.29
Tratalias,5,Austria,212,1.63
Tresnuraghes,1,Germania,27556,24.85
Tresnuraghes,2,Italia,25605,23.09
Tresnuraghes,3,Paesi Bassi,13511,12.18
Tresnuraghes,4,Francia,12695,11.45
Tresnuraghes,5,Svizzera (incluso Liechtenstein),5274,4.76
Triei,1,Italia,4481,34.54
Triei,2,Germania,2553,19.68
Triei,3,Francia,1080,8.32
Triei,4,Spagna,857,6.61
Triei,5,Polonia,664,5.12
Trinità D'Agultu E Vignola,1,Italia,317692,37.31
Trinità D'Agultu E Vignola,2,Germania,124488,14.62
Trinità D'Agultu E Vignola,3,Francia,93095,10.93
Trinità D'Agultu E Vignola,4,Svizzera (incluso Liechtenstein),51703,6.07
Trinità D'Agultu E Vignola,5,Regno Unito,42427,4.98
Tuili,1,Italia,424,46.19
Tuili,2,Francia,193,21.02
Tuili,3,Germania,65,7.08
Tuili,4,Paesi Bassi,62,6.75
Tuili,5,Svizzera (incluso Liechtenstein),49,5.34
Tula,1,Italia,2137,42.49
Tula,2,Germania,628,12.49
Tula,3,Francia,477,9.48
Tula,4,Svizzera (incluso Liechtenstein),369,7.34
Tula,5,Paesi Bassi,197,3.92
Turri,1,Italia,3096,51.61
Turri,2,Francia,786,13.1
Turri,3,Germania,683,11.39
Turri,4,Paesi Bassi,469,7.82
Turri,5,Regno Unito,185,3.08
Ulassai,1,Italia,10519,31.13
Ulassai,2,Germania,7219,21.36
Ulassai,3,Francia,2652,7.85
Ulassai,4,Svizzera (incluso Liechtenstein),2501,7.4
Ulassai,5,Stati Uniti d'America,1906,5.64
Ulà Tirso,1,Italia,353,49.37
Ulà Tirso,2,Repubblica Ceca,74,10.35
Ulà Tirso,3,Germania,55,7.69
Ulà Tirso,4,Francia,38,5.31
Ulà Tirso,5,Altri Paesi Africa Mediterranea,30,4.2
Uras,1,Italia,1801,58.27
Uras,2,Germania,420,13.59
Uras,3,Francia,202,6.54
Uras,4,Polonia,138,4.46
Uras,5,Spagna,130,4.21
Uri,1,Italia,4365,50.43
Uri,2,Francia,1182,13.66
Uri,3,Spagna,1004,11.6
Uri,4,Belgio,624,7.21
Uri,5,Polonia,290,3.35
Urzulei,1,Italia,7509,41.28
Urzulei,2,Germania,2514,13.82
Urzulei,3,Francia,2257,12.41
Urzulei,4,Paesi Bassi,852,4.68
Urzulei,5,Belgio,763,4.19
Usellus,1,Paesi Bassi,80,36.7
Usellus,2,Germania,64,29.36
Usellus,3,Francia,22,10.09
Usellus,4,Belgio,15,6.88
Usellus,5,Repubblica Ceca,12,5.5
Usini,1,Italia,471,38.7
Usini,2,Francia,195,16.02
Usini,3,Spagna,153,12.57
Usini,4,Paesi Bassi,108,8.87
Usini,5,Germania,93,7.64
Ussana,1,Italia,1021,35.26
Ussana,2,Francia,711,24.55
Ussana,3,Germania,322,11.12
Ussana,4,Paesi Bassi,243,8.39
Ussana,5,Spagna,125,4.32
Ussassai,1,Italia,1147,79.87
Ussassai,2,Germania,56,3.9
Ussassai,3,Francia,44,3.06
Ussassai,4,Spagna,37,2.58
Ussassai,5,Svizzera (incluso Liechtenstein),20,1.39
Uta,1,Italia,121403,89.18
Uta,2,Germania,4688,3.44
Uta,3,Belgio,1573,1.16
Uta,4,Francia,1119,0.82
Uta,5,Canada,1111,0.82
Valledoria,1,Italia,233359,27.58
Valledoria,2,Germania,194236,22.96
Valledoria,3,Polonia,90771,10.73
Valledoria,4,Francia,59406,7.02
Valledoria,5,Repubblica Ceca,57886,6.84
Vallermosa,1,Italia,3892,85.28
Vallermosa,2,Romania,184,4.03
Vallermosa,3,Germania,106,2.32
Vallermosa,4,Ungheria,88,1.93
Vallermosa,5,Belgio,80,1.75
Viddalba,1,Francia,6508,23.07
Viddalba,2,Italia,5175,18.35
Viddalba,3,Spagna,4818,17.08
Viddalba,4,Germania,4758,16.87
Viddalba,5,Repubblica Ceca,1318,4.67
Villa San Pietro,1,Italia,10998,41.49
Villa San Pietro,2,Germania,4061,15.32
Villa San Pietro,3,Francia,3305,12.47
Villa San Pietro,4,Spagna,1027,3.87
Villa San Pietro,5,Polonia,895,3.38
Villa Verde,1,Italia,6,31.58
Villa Verde,2,Spagna,6,31.58
Villa Verde,3,Altri Paesi Centro - Sud America,5,26.32
Villa Verde,4,Francia,2,10.53
Villacidro,1,Italia,8647,69.8
Villacidro,2,Germania,821,6.63
Villacidro,3,Francia,819,6.61
Villacidro,4,Spagna,390,3.15
Villacidro,5,Paesi Bassi,190,1.53
Villagrande Strisaili,1,Italia,4250,54.11
Villagrande Strisaili,2,Germania,1086,13.83
Villagrande Strisaili,3,Francia,788,10.03
Villagrande Strisaili,4,Svizzera (incluso Liechtenstein),460,5.86
Villagrande Strisaili,5,Regno Unito,246,3.13
Villamar,1,Italia,639,74.13
Villamar,2,Altri Paesi Europei,87,10.09
Villamar,3,Ungheria,56,6.5
Villamar,4,Polonia,18,2.09
Villamar,5,Germania,12,1.39
Villamassargia,1,Italia,3339,47.93
Villamassargia,2,Francia,1191,17.1
Villamassargia,3,Germania,712,10.22
Villamassargia,4,Spagna,384,5.51
Villamassargia,5,Polonia,250,3.59
Villanova Monteleone,1,Italia,3950,37.93
Villanova Monteleone,2,Germania,1880,18.05
Villanova Monteleone,3,Francia,1835,17.62
Villanova Monteleone,4,Spagna,914,8.78
Villanova Monteleone,5,Paesi Bassi,285,2.74
Villanova Tulo,1,Italia,137,90.73
Villanova Tulo,2,Germania,10,6.62
Villanova Tulo,3,Australia,2,1.32
Villanova Tulo,4,Stati Uniti d'America,1,0.66
Villanova Tulo,5,Svizzera (incluso Liechtenstein),1,0.66
Villanovaforru,1,Italia,62,36.26
Villanovaforru,2,Francia,43,25.15
Villanovaforru,3,Spagna,32,18.71
Villanovaforru,4,Paesi Bassi,16,9.36
Villanovaforru,5,Altri Paesi Africa Mediterranea,14,8.19
Villanovafranca,1,Italia,1048,30.49
Villanovafranca,2,Francia,738,21.47
Villanovafranca,3,Altri Paesi Europei,443,12.89
Villanovafranca,4,Paesi Bassi,289,8.41
Villanovafranca,5,Spagna,184,5.35
Villaperuccio,1,Italia,276,75.0
Villaperuccio,2,Germania,46,12.5
Villaperuccio,3,Francia,22,5.98
Villaperuccio,4,Polonia,10,2.72
Villaperuccio,5,Stati Uniti d'America,4,1.09
Villaputzu,1,Italia,59297,47.77
Villaputzu,2,Germania,26063,21.0
Villaputzu,3,Francia,9909,7.98
Villaputzu,4,Svizzera (incluso Liechtenstein),4399,3.54
Villaputzu,5,Paesi Bassi,4112,3.31
Villasalto,1,Germania,9,52.94
Villasalto,2,Italia,3,17.65
Villasalto,3,Repubblica Ceca,2,11.76
Villasalto,4,Francia,1,5.88
Villasalto,5,Portogallo,1,5.88
Villasimius,1,Italia,1898383,58.75
Villasimius,2,Germania,377427,11.68
Villasimius,3,Svizzera (incluso Liechtenstein),265244,8.21
Villasimius,4,Francia,97748,3.02
Villasimius,5,Regno Unito,89838,2.78
Villasor,1,Italia,2099,81.64
Villasor,2,Romania,122,4.75
Villasor,3,Altri Paesi Europei,103,4.01
Villasor,4,Francia,65,2.53
Villasor,5,Paesi Bassi,55,2.14
Villaspeciosa,1,Italia,1689,97.46
Villaspeciosa,2,Spagna,26,1.5
Villaspeciosa,3,Francia,14,0.81
Villaspeciosa,4,Germania,4,0.23
Villaurbana,1,Italia,294,42.92
Villaurbana,2,Spagna,141,20.58
Villaurbana,3,Germania,89,12.99
Villaurbana,4,Belgio,55,8.03
Villaurbana,5,Francia,48,7.01
Zeddiani,1,Italia,319,61.7
Zeddiani,2,Germania,84,16.25
Zeddiani,3,Slovacchia,28,5.42
Zeddiani,4,Francia,26,5.03
Zeddiani,5,Croazia,18,3.48
