codice_istat,nome_comune,area_km2,turismo,natura,ristorazione,servizi,infrastrutture,indice,classe
90001,Aggius,86.37,12,19,14,6,0,1.6,1
90002,Alà dei Sardi,197.23,40,62,16,5,2,1.59,1
90003,Alghero,223.06,251,283,174,59,241,11.14,5
90004,Anela,36.73,6,186,1,3,1,10.36,5
90005,Ardara,37.98,8,14,3,4,2,2.11,2
90006,Arzachena,231.0,113,70,119,21,46,4.43,4
90007,Banari,21.43,11,8,3,2,0,3.29,3
90008,Benetutti,94.42,19,153,7,4,0,4.05,4
90009,Berchidda,201.87,9,58,13,6,5,0.95,1
90010,Bessude,26.48,1,11,1,2,0,1.25,1
90011,Bonnanaro,22.07,3,10,3,4,0,2.43,2
90012,Bono,74.42,5,368,21,8,0,10.63,5
90013,Bonorva,149.72,15,158,13,5,6,2.68,3
90014,Bortigiadas,75.41,5,7,2,4,5,0.71,1
90015,Borutta,4.75,5,3,1,2,0,7.35,5
90016,Bottidda,33.66,7,82,1,2,0,5.53,4
90017,Buddusò,176.97,13,217,12,6,1,2.8,3
90018,Bultei,96.76,6,406,2,4,0,8.16,5
90019,Bulzi,21.62,3,8,1,2,0,1.63,1
90020,Burgos,17.47,6,7,4,3,0,3.32,3
90021,Calangianus,126.15,14,34,8,5,9,1.26,1
90022,Cargeghe,11.78,8,9,2,3,0,5.39,4
90023,Castelsardo,42.9,39,23,26,5,9,6.78,5
90024,Cheremule,24.59,5,11,1,2,0,1.95,2
90025,Chiaramonti,98.54,15,25,8,3,0,1.31,1
90026,Codrongianos,30.92,8,5,6,4,0,2.28,2
90027,Cossoine,39.42,10,15,3,4,1,2.23,2
90028,Esporlatu,18.88,5,7,2,3,1,2.62,3
90029,Florinas,36.32,12,18,5,4,2,2.98,3
90030,Giave,47.16,5,17,4,3,2,1.54,1
90031,Illorai,56.77,9,6,3,5,8,1.39,1
90032,Ittireddu,23.81,17,68,3,3,2,8.82,5
90033,Ittiri,110.82,44,112,37,12,8,4.78,4
90034,Laerru,20.03,7,15,3,3,3,3.84,4
90035,La Maddalena,55.29,152,213,74,15,33,22.96,5
90036,Luogosanto,134.48,19,26,9,6,0,1.17,1
90037,Luras,88.76,16,24,5,3,0,1.38,1
90038,Mara,18.39,16,11,3,3,0,5.37,4
90039,Martis,22.79,4,2,4,3,3,1.96,2
90040,Monteleone Rocca Doria,13.34,7,14,2,1,0,4.53,4
90041,Monti,124.19,9,20,14,5,5,1.03,1
90042,Mores,94.1,12,30,9,4,3,1.47,1
90043,Muros,11.08,2,6,4,2,0,3.42,3
90044,Nughedu San Nicolò,67.54,8,52,4,2,0,2.07,2
90045,Nule,51.47,10,73,5,5,0,3.95,4
90046,Nulvi,67.48,19,6,17,5,3,2.22,2
90047,Olbia,384.08,128,257,180,72,81,4.83,4
90048,Olmedo,34.02,8,12,12,5,2,3.18,3
90049,Oschiri,216.02,21,82,12,5,3,1.25,1
90050,Osilo,97.76,8,12,10,4,3,0.95,1
90051,Ossi,30.18,17,42,21,6,1,7.52,5
90052,Ozieri,254.58,38,130,48,15,15,2.29,2
90053,Padria,48.24,5,7,4,3,0,1.07,1
90054,Palau,44.45,62,20,60,9,6,10.9,5
90055,Pattada,163.91,35,320,18,6,2,4.81,4
90056,Perfugas,61.2,8,10,9,4,5,1.51,1
90057,Ploaghe,96.31,18,13,18,6,5,1.73,2
90058,Porto Torres,105.71,84,322,86,27,22,12.24,5
90059,Pozzomaggiore,79.2,15,27,30,6,1,2.7,3
90060,Putifigari,52.69,3,13,3,5,0,1.15,1
90061,Romana,21.14,9,15,3,4,0,4.01,4
90062,Aglientu,148.08,30,50,15,5,1,1.73,2
90063,Santa Teresa Gallura,104.33,148,136,65,8,10,9.8,5
90064,Sassari,546.66,165,560,153,176,89,5.32,4
90065,Sedini,40.46,24,34,7,4,0,4.57,4
90066,Semestene,39.61,3,3,1,2,0,0.61,1
90067,Sennori,31.01,30,24,18,7,3,7.69,5
90068,Siligo,43.22,21,20,5,3,0,3.18,3
90069,Sorso,66.59,24,65,47,11,7,5.98,5
90070,Tempio Pausania,209.88,55,81,45,15,9,2.58,3
90071,Thiesi,63.86,8,29,1,7,1,1.74,2
90072,Tissi,10.11,7,1,7,4,2,6.62,5
90073,Torralba,36.2,16,9,5,3,1,2.78,3
90074,Trinità d'Agultu e Vignola,134.8,30,31,25,4,3,1.85,2
90075,Tula,65.44,7,26,8,5,0,1.73,2
90076,Uri,56.52,11,22,9,5,4,2.28,2
90077,Usini,31.63,17,12,13,6,12,5.07,4
90078,Villanova Monteleone,203.67,36,56,6,5,2,1.27,1
90079,Valledoria,25.94,21,7,36,6,7,8.83,5
90080,Telti,83.48,7,20,8,5,2,1.23,1
90081,Badesi,31.45,16,4,16,4,1,4.1,4
90082,Viddalba,50.44,7,8,4,3,0,1.2,1
90083,Golfo Aranci,36.8,64,42,35,3,16,12.08,5
90084,Loiri Porto San Paolo,118.01,24,165,44,8,5,4.7,4
90085,Sant'Antonio di Gallura,81.43,9,5,11,5,6,1.18,1
90086,Tergu,36.76,2,22,4,1,1,1.69,2
90087,Santa Maria Coghinas,22.77,2,19,8,4,0,3.58,3
90088,Erula,39.32,7,10,3,3,0,1.58,1
90089,Stintino,59.7,67,124,45,5,3,10.53,5
90090,Padru,157.84,8,106,14,5,1,1.75,2
90091,Budoni,54.14,83,59,81,13,8,13.2,5
90092,San Teodoro,107.26,56,370,71,7,6,10.54,5
91001,Aritzo,75.51,24,22,8,6,0,2.26,2
91002,Arzana,162.71,19,31,8,5,6,1.01,1
91003,Atzara,35.74,7,12,4,4,0,2.06,2
91004,Austis,51.11,19,7,7,5,0,2.34,2
91005,Bari Sardo,37.2,45,31,34,5,2,9.24,5
91006,Baunei,212.33,70,312,27,8,19,4.48,4
91007,Belvì,18.26,7,5,6,2,2,3.4,3
91008,Birori,17.51,22,5,2,2,3,6.05,5
91009,Bitti,216.59,31,53,12,8,0,1.21,1
91010,Bolotana,108.44,23,17,11,5,5,1.53,1
91011,Borore,42.88,14,14,8,6,6,3.03,3
91012,Bortigali,67.3,22,3,6,5,5,1.85,2
91016,Desulo,74.18,24,38,22,8,0,3.39,3
91017,Dorgali,227.17,138,317,78,23,27,6.31,5
91018,Dualchi,23.28,20,7,3,3,0,4.53,4
91019,Elini,10.83,2,1,3,2,2,2.6,3
91024,Fonni,112.03,28,34,16,5,0,2.0,2
91025,Gadoni,43.67,11,15,3,4,0,2.06,2
91026,Gairo,77.6,31,43,7,5,2,2.97,3
91027,Galtellì,55.95,23,182,9,5,3,8.37,5
91028,Gavoi,38.13,24,20,9,7,0,4.66,4
91031,Girasole,13.37,7,2,4,5,2,4.77,4
91032,Ilbono,31.43,13,13,5,5,7,3.61,3
91033,Irgoli,75.38,11,12,7,5,0,1.3,1
91035,Jerzu,102.2,15,37,17,9,1,2.0,2
91037,Lanusei,52.88,39,19,13,13,22,5.55,4
91038,Lei,18.74,15,4,2,3,2,4.35,4
91039,Loceri,19.78,9,12,7,4,0,4.62,4
91040,Loculi,38.11,6,7,4,2,1,1.39,1
91041,Lodè,123.22,13,9,5,5,1,0.73,1
91042,Lotzorai,16.45,40,33,21,7,7,18.65,5
91043,Lula,149.27,14,28,10,5,1,0.95,1
91044,Macomer,122.65,65,18,12,18,13,3.16,3
91046,Mamoiada,49.31,27,21,23,5,3,4.6,4
91047,Meana Sardo,73.56,8,17,8,5,5,1.43,1
91050,Noragugume,26.78,7,3,1,1,0,1.34,1
91051,Nuoro,192.57,104,102,70,58,17,5.34,4
91055,Oliena,165.51,45,159,23,7,1,3.28,3
91056,Ollolai,27.32,7,60,4,5,2,6.23,5
91057,Olzai,69.38,3,19,3,4,0,0.95,1
91058,Onanì,71.15,12,11,3,2,0,1.05,1
91059,Onifai,43.33,5,11,2,2,1,1.16,1
91060,Oniferi,35.88,13,9,3,4,3,2.52,2
91061,Orani,130.26,11,25,12,5,0,1.01,1
91062,Orgosolo,221.93,78,256,24,6,1,3.77,3
91063,Orosei,91.01,81,108,88,10,3,8.76,5
91064,Orotelli,61.47,12,6,4,5,2,1.38,1
91066,Ortueri,39.02,1,4,0,4,0,0.63,1
91067,Orune,127.97,7,163,1,5,0,2.66,3
91068,Osidda,26.07,7,58,2,2,0,5.57,4
91069,Osini,39.61,31,29,3,2,0,4.56,4
91070,Ottana,45.02,8,5,10,6,0,2.0,2
91071,Ovodda,40.68,10,16,6,5,1,2.53,2
91072,Perdasdefogu,78.66,9,11,6,6,3,1.18,1
91073,Posada,32.83,37,209,26,6,2,19.05,5
91077,Sarule,52.25,10,22,8,4,0,2.17,2
91083,Silanus,47.96,27,6,10,5,8,3.46,3
91084,Sindia,58.85,16,9,4,5,3,1.81,2
91085,Siniscola,195.82,59,94,54,17,3,3.11,3
91086,Sorgono,55.82,41,8,4,9,2,3.79,3
91088,Talana,118.86,20,15,4,4,0,1.0,1
91089,Tertenia,117.37,70,76,30,6,6,4.33,4
91090,Teti,43.99,23,6,8,4,0,3.0,3
91091,Tiana,19.24,1,5,2,3,0,1.56,1
91093,Tonara,52.19,16,34,15,6,2,3.63,3
91094,Torpè,91.82,17,81,13,6,0,2.92,3
91095,Tortolì,40.16,84,101,89,28,95,24.7,5
91097,Triei,32.91,9,3,8,5,7,2.71,3
91098,Ulassai,121.98,35,77,8,5,0,2.49,2
91099,Urzulei,130.23,29,167,9,6,0,3.5,3
91100,Ussassai,47.47,29,67,3,3,4,5.31,4
91101,Villagrande Strisaili,209.83,44,48,13,9,6,1.5,1
91103,Cardedu,33.24,49,18,15,4,1,8.18,5
91104,Lodine,7.98,3,6,2,2,1,4.65,4
92003,Assemini,118.93,23,154,42,25,14,5.12,4
92009,Cagliari,83.57,312,1126,557,268,344,77.23,5
92011,Capoterra,68.25,24,90,14,23,15,5.96,5
92015,Decimomannu,28.01,4,12,11,10,13,4.49,4
92037,Maracalagonis,100.74,29,96,15,10,6,3.67,3
92050,Pula,137.81,64,73,47,11,24,4.16,4
92051,Quartu Sant'Elena,95.81,88,97,66,70,48,10.93,5
92066,Sarroch,67.79,23,48,4,5,5,3.04,3
92068,Selargius,26.63,26,52,16,34,9,14.77,5
92074,Sestu,48.39,5,42,16,14,29,4.85,4
92075,Settimo San Pietro,23.28,11,18,2,8,6,5.1,4
92080,Sinnai,223.75,155,475,36,16,8,7.2,5
92090,Uta,134.49,17,53,16,9,2,1.76,2
92099,Villa San Pietro,40.19,3,10,7,4,5,1.74,2
92105,Quartucciu,28.61,39,41,8,8,2,9.65,5
92108,Elmas,13.82,9,44,21,14,31,19.81,5
92109,Monserrato,6.57,24,60,12,23,54,60.63,5
95001,Abbasanta,40.32,13,50,20,8,11,6.05,5
95002,Aidomaggiore,41.4,20,4,1,2,0,2.12,2
95003,Albagiara,9.19,1,7,1,1,4,3.04,3
95004,Ales,22.43,14,7,4,6,0,4.44,4
95005,Allai,27.11,15,6,4,2,1,3.13,3
95006,Arborea,94.68,24,32,22,7,0,2.47,2
95007,Ardauli,20.48,10,8,3,4,0,3.68,3
95008,Assolo,16.17,1,1,1,1,2,0.85,1
95009,Asuni,21.37,8,8,2,1,0,2.44,2
95010,Baradili,5.72,5,0,2,0,0,4.14,4
95011,Baratili San Pietro,6.14,2,4,2,4,6,7.26,5
95012,Baressa,12.42,3,4,2,4,3,3.54,3
95013,Bauladu,23.87,32,4,2,4,1,6.12,5
95014,Bidonì,11.86,6,2,0,0,0,2.06,2
95015,Bonarcado,28.62,34,60,4,5,0,9.29,5
95016,Boroneddu,5.01,3,1,1,2,0,4.77,4
95017,Busachi,59.13,6,10,2,4,0,0.98,1
95018,Cabras,101.62,136,54,95,12,1,9.08,5
95019,Cuglieri,120.04,76,125,31,6,6,5.19,4
95020,Fordongianus,38.78,14,12,8,4,0,2.85,3
95021,Ghilarza,54.83,23,25,26,14,0,4.8,4
95022,Gonnoscodina,8.7,3,2,4,2,0,3.95,4
95023,Gonnosnò,15.4,4,3,4,3,1,2.91,3
95024,Gonnostramatza,17.71,6,9,1,3,0,2.98,3
95025,Marrubiu,61.68,17,47,13,9,7,3.72,3
95026,Masullas,18.62,7,21,7,5,2,5.78,5
95027,Milis,18.81,15,4,2,5,0,4.66,4
95028,Mogorella,17.08,7,1,2,2,0,2.36,2
95029,Mogoro,49.23,42,19,17,7,8,5.57,4
95030,Morgongiori,45.03,15,21,2,3,0,2.4,2
95031,Narbolia,40.98,35,11,10,5,3,4.86,4
95032,Neoneli,48.07,7,10,2,3,0,1.21,1
95033,Norbello,25.94,16,8,5,4,0,3.96,4
95034,Nughedu Santa Vittoria,28.39,9,12,1,2,1,2.29,2
95035,Nurachi,16.13,6,11,6,5,1,5.05,4
95036,Nureci,12.89,6,1,0,2,0,2.41,2
95037,Ollastra,20.99,11,4,5,5,0,3.9,4
95038,Oristano,83.95,63,149,229,59,74,18.2,5
95039,Palmas Arborea,39.32,7,47,2,4,0,3.36,3
95040,Pau,13.84,13,43,3,2,0,10.36,5
95041,Paulilatino,104.0,57,22,4,6,4,2.7,3
95042,Pompu,5.29,2,3,1,0,0,2.9,3
95043,Riola Sardo,47.94,11,23,15,5,4,3.12,3
95044,Ruinas,30.96,3,4,1,4,0,1.15,1
95045,Samugheo,81.3,28,32,7,5,0,2.41,2
95046,San Nicolò d'Arcidano,28.13,20,19,8,5,3,5.49,4
95047,Santa Giusta,69.05,12,35,17,6,1,2.61,3
95048,Villa Sant'Antonio,19.44,19,6,0,3,0,4.7,4
95049,Santu Lussurgiu,99.42,24,208,12,4,1,5.21,4
95050,San Vero Milis,72.31,32,11,28,5,0,3.26,3
95051,Scano di Montiferro,60.84,38,10,4,5,2,3.07,3
95052,Sedilo,68.23,80,244,20,6,5,12.15,5
95053,Seneghe,57.39,36,60,5,5,0,4.76,4
95054,Senis,16.29,5,3,0,2,0,1.89,2
95055,Sennariolo,15.87,14,1,2,0,0,3.61,3
95056,Siamaggiore,13.23,6,8,5,2,6,5.01,4
95057,Siamanna,28.4,5,6,2,2,0,1.45,1
95058,Simala,13.42,2,3,2,2,1,2.04,2
95059,Simaxis,27.51,7,16,16,5,3,4.57,4
95060,Sini,8.66,5,3,1,2,0,3.99,4
95061,Siris,6.09,5,3,1,0,0,4.3,4
95062,Solarussa,31.84,18,24,9,5,9,5.23,4
95063,Sorradile,26.7,10,3,3,3,0,2.3,2
95064,Tadasuni,5.17,5,1,2,0,0,4.94,4
95065,Terralba,49.79,19,142,43,16,5,10.68,5
95066,Tramatza,17.03,9,5,7,3,1,4.43,4
95067,Tresnuraghes,31.22,30,3,13,4,4,5.54,4
95068,Ulà Tirso,18.83,2,1,4,2,0,1.48,1
95069,Uras,39.21,6,20,8,6,3,2.77,3
95070,Usellus,34.88,8,90,4,3,0,6.24,5
95071,Villanova Truschedu,16.98,15,34,3,1,1,7.69,5
95072,Villaurbana,58.61,13,13,5,6,0,1.82,2
95073,Villa Verde,17.75,6,6,1,2,0,2.42,2
95074,Zeddiani,11.9,4,5,4,3,3,4.31,4
95075,Zerfaliu,15.89,24,40,2,2,12,11.91,5
95076,Siapiccia,18.1,2,4,0,1,0,0.96,1
95077,Curcuris,7.19,2,2,2,1,0,2.87,3
95078,Soddì,5.26,5,1,1,0,0,4.29,4
95079,Bosa,127.24,75,53,77,13,14,5.21,4
95080,Flussio,6.87,13,1,5,2,1,10.67,5
95082,Laconi,124.51,25,26,11,7,3,1.56,1
95083,Magomadas,8.87,10,3,6,2,3,8.04,5
95084,Modolo,3.01,7,4,1,1,0,13.25,5
95085,Montresta,31.61,9,3,3,4,0,1.95,2
95086,Sagama,11.84,14,4,1,2,0,5.81,5
95087,Suni,47.58,23,3,7,4,4,2.69,3
95088,Tinnura,3.75,31,1,3,1,4,35.34,5
111001,Arbus,269.17,96,66,54,10,1,2.42,2
111002,Armungia,54.82,12,11,3,2,0,1.4,1
111003,Ballao,46.27,5,14,2,4,0,1.36,1
111004,Barrali,11.15,4,2,1,4,1,3.46,3
111005,Barumini,26.25,124,82,7,4,0,24.34,5
111006,Buggerru,48.09,29,80,21,7,6,7.27,5
111007,Burcei,94.95,57,202,9,5,3,6.59,5
111008,Calasetta,31.55,18,19,21,5,1,5.81,5
111009,Carbonia,145.77,50,60,18,41,10,3.58,3
111010,Carloforte,50.6,51,68,18,8,37,8.7,5
111011,Castiadas,103.57,74,35,18,5,2,3.88,4
111012,Collinas,20.68,13,7,1,2,0,3.38,3
111013,Decimoputzu,44.82,6,6,5,5,1,1.48,1
111014,Dolianova,84.68,25,72,4,9,3,3.2,3
111015,Domus de Maria,97.45,35,15,21,6,3,2.45,2
111016,Domusnovas,80.09,14,78,8,7,0,3.02,3
111017,Donori,35.36,6,0,5,5,3,1.66,1
111018,Escalaplano,93.79,9,9,5,5,0,0.82,1
111019,Escolca,14.94,5,0,2,2,0,2.1,2
111020,Esterzili,100.51,24,13,1,4,6,1.29,1
111021,Fluminimaggiore,108.29,30,87,16,5,4,3.09,3
111022,Furtei,25.56,8,3,3,4,0,2.29,2
111023,Genoni,43.66,9,8,3,4,0,1.6,1
111024,Genuri,7.57,5,8,1,1,0,5.23,4
111025,Gergei,36.65,10,3,6,5,0,2.13,2
111026,Gesico,25.59,4,2,2,2,1,1.24,1
111027,Gesturi,46.9,20,7,4,4,0,2.36,2
111028,Giba,29.72,6,8,2,5,6,2.31,2
111029,Goni,18.75,21,22,1,2,0,6.77,5
111030,Gonnesa,47.88,34,44,3,6,2,4.97,4
111031,Gonnosfanadiga,124.59,20,45,17,6,9,1.86,2
111032,Guamaggiore,16.66,3,1,2,3,0,1.8,2
111033,Guasila,43.28,6,6,6,6,0,1.68,1
111034,Guspini,174.93,33,46,30,13,1,1.92,2
111035,Iglesias,208.56,139,195,46,43,17,5.71,4
111036,Isili,67.98,26,34,11,9,12,3.49,3
111037,Las Plassas,11.0,11,25,1,1,0,8.42,5
111038,Lunamatrona,20.84,15,3,6,5,0,4.68,4
111039,Mandas,44.81,19,6,10,5,4,2.95,3
111040,Masainas,24.36,13,39,6,3,4,6.29,5
111041,Monastir,31.93,11,28,5,5,0,3.93,4
111042,Muravera,93.39,119,183,52,14,4,10.54,5
111043,Musei,20.55,1,7,2,5,3,2.23,2
111044,Narcao,84.84,9,9,4,6,0,0.93,1
111045,Nuragus,19.67,6,4,2,4,0,2.57,3
111046,Nurallao,34.86,6,8,1,6,4,1.92,2
111047,Nuraminis,45.21,10,10,6,5,1,2.02,2
111048,Nurri,73.87,3,2,5,5,3,0.65,1
111049,Nuxis,61.98,9,23,1,4,1,1.47,1
111050,Orroli,75.8,23,16,6,5,2,1.95,2
111051,Ortacesus,23.81,4,1,3,3,0,1.51,1
111052,Pabillonis,37.21,12,10,5,4,0,2.44,2
111053,Pauli Arbarei,15.44,13,1,4,2,0,4.42,4
111054,Perdaxius,29.89,3,9,3,6,0,1.99,2
111055,Pimentel,15.19,7,1,2,4,0,3.23,3
111056,Piscinas,16.94,6,4,0,2,0,2.14,2
111057,Portoscuso,37.86,23,26,11,11,14,5.96,5
111058,Sadali,50.16,15,28,8,5,6,3.08,3
111059,Samassi,41.75,3,4,10,7,6,1.96,2
111060,Samatzai,31.21,5,3,2,4,0,1.41,1
111061,San Basilio,44.41,6,2,2,5,0,1.1,1
111062,San Gavino Monreale,87.45,6,9,17,17,15,1.97,2
111063,San Giovanni Suergiu,72.04,30,28,6,5,15,2.94,3
111064,San Nicolò Gerrei,63.74,3,9,3,4,0,0.75,1
111065,San Sperate,26.1,43,13,2,6,1,8.09,5
111066,San Vito,231.31,69,210,12,5,1,2.93,3
111067,Sanluri,84.02,13,16,19,14,4,2.27,2
111068,Santadi,115.87,15,12,15,7,2,1.24,1
111069,Sant'Andrea Frius,36.07,3,3,4,5,0,1.29,1
111070,Sant'Anna Arresi,36.03,20,18,12,6,5,4.74,4
111071,Sant'Antioco,88.51,87,72,22,15,12,6.63,5
111072,Sardara,56.87,21,10,9,5,1,2.45,2
111073,Segariu,17.24,7,4,2,3,0,2.91,3
111074,Selegas,20.42,10,3,3,4,0,3.24,3
111075,Senorbì,34.75,5,9,16,9,4,3.54,3
111076,Serdiana,55.32,8,7,5,5,2,1.37,1
111077,Serramanna,84.21,10,480,9,18,4,12.21,5
111078,Serrenti,43.03,11,21,13,7,3,3.43,3
111079,Serri,18.92,16,8,3,2,1,4.76,4
111080,Setzu,7.8,6,3,1,0,0,3.81,3
111081,Seui,147.02,91,121,3,5,8,3.96,4
111082,Seulo,59.13,43,191,6,4,1,9.16,5
111083,Siddi,11.16,9,12,4,3,0,7.07,5
111084,Siliqua,189.8,18,46,3,5,7,0.91,1
111085,Silius,38.32,10,4,3,4,0,1.73,2
111086,Siurgus Donigala,76.22,7,6,3,5,0,0.79,1
111087,Soleminis,12.71,5,57,6,5,1,12.86,5
111088,Suelli,19.23,6,6,2,4,4,3.08,3
111089,Teulada,244.54,37,43,10,7,2,1.04,1
111090,Tratalias,30.99,13,3,3,2,0,2.18,2
111091,Tuili,24.21,23,15,4,4,0,5.72,5
111092,Turri,9.28,4,2,2,2,0,3.44,3
111093,Ussana,32.84,4,1,6,6,0,1.74,2
111094,Ussaramanna,9.58,6,3,2,3,1,4.86,4
111095,Vallermosa,61.64,8,15,2,5,1,1.3,1
111096,Villacidro,183.16,28,85,26,20,3,2.24,2
111097,Villamar,38.33,14,6,11,7,0,3.17,3
111098,Villamassargia,91.76,27,45,0,6,7,2.26,2
111099,Villanova Tulo,40.49,27,7,5,5,3,3.64,3
111100,Villanovaforru,10.85,19,3,4,3,0,9.08,5
111101,Villanovafranca,27.74,11,1,3,4,0,2.36,2
111102,Villaperuccio,36.45,37,5,2,3,0,4.37,4
111103,Villaputzu,180.73,56,102,18,6,5,2.56,2
111104,Villasalto,130.39,10,46,1,4,1,1.0,1
111105,Villasimius,57.56,65,124,68,7,4,12.16,5
111106,Villasor,86.41,19,252,6,6,7,6.72,5
111107,Villaspeciosa,27.25,3,21,1,5,4,2.81,3
