codice_istat,nome_comune,codice_istat_str,infrastrutture,natura,ristorazione,servizi,turismo
90001,Aggius,090001,0,19,14,6,12
90002,Alà dei Sardi,090002,2,62,16,5,40
90003,Alghero,090003,241,283,174,59,251
90004,Anela,090004,1,186,1,3,6
90005,Ardara,090005,2,14,3,4,8
90006,Arzachena,090006,46,70,119,21,113
90007,Banari,090007,0,8,3,2,11
90008,Benetutti,090008,0,153,7,4,19
90009,Berchidda,090009,5,58,13,6,9
90010,Bessude,090010,0,11,1,2,1
90011,Bonnanaro,090011,0,10,3,4,3
90012,Bono,090012,0,368,21,8,5
90013,Bonorva,090013,6,158,13,5,15
90014,Bortigiadas,090014,5,7,2,4,5
90015,Borutta,090015,0,3,1,2,5
90016,Bottidda,090016,0,82,1,2,7
90017,Buddusò,090017,1,217,12,6,13
90018,Bultei,090018,0,406,2,4,6
90019,Bulzi,090019,0,8,1,2,3
90020,Burgos,090020,0,7,4,3,6
90021,Calangianus,090021,9,34,8,5,14
90022,Cargeghe,090022,0,9,2,3,8
90023,Castelsardo,090023,9,23,26,5,39
90024,Cheremule,090024,0,11,1,2,5
90025,Chiaramonti,090025,0,25,8,3,15
90026,Codrongianos,090026,0,5,6,4,8
90027,Cossoine,090027,1,15,3,4,10
90028,Esporlatu,090028,1,7,2,3,5
90029,Florinas,090029,2,18,5,4,12
90030,Giave,090030,2,17,4,3,5
90031,Illorai,090031,8,6,3,5,9
90032,Ittireddu,090032,2,68,3,3,17
90033,Ittiri,090033,8,112,37,12,44
90034,Laerru,090034,3,15,3,3,7
90035,La Maddalena,090035,33,213,74,15,152
90036,Luogosanto,090036,0,26,9,6,19
90037,Luras,090037,0,24,5,3,16
90038,Mara,090038,0,11,3,3,16
90039,Martis,090039,3,2,4,3,4
90040,Monteleone Rocca Doria,090040,0,14,2,1,7
90041,Monti,090041,5,20,14,5,9
90042,Mores,090042,3,30,9,4,12
90043,Muros,090043,0,6,4,2,2
90044,Nughedu San Nicolò,090044,0,52,4,2,8
90045,Nule,090045,0,73,5,5,10
90046,Nulvi,090046,3,6,17,5,19
90047,Olbia,090047,81,257,180,72,128
90048,Olmedo,090048,2,12,12,5,8
90049,Oschiri,090049,3,82,12,5,21
90050,Osilo,090050,3,12,10,4,8
90051,Ossi,090051,1,42,21,6,17
90052,Ozieri,090052,15,130,48,15,38
90053,Padria,090053,0,7,4,3,5
90054,Palau,090054,6,20,60,9,62
90055,Pattada,090055,2,320,18,6,35
90056,Perfugas,090056,5,10,9,4,8
90057,Ploaghe,090057,5,13,18,6,18
90058,Porto Torres,090058,22,322,86,27,84
90059,Pozzomaggiore,090059,1,27,30,6,15
90060,Putifigari,090060,0,13,3,5,3
90061,Romana,090061,0,15,3,4,9
90062,Aglientu,090062,1,50,15,5,30
90063,Santa Teresa Gallura,090063,10,136,65,8,148
90064,Sassari,090064,89,560,153,176,165
90065,Sedini,090065,0,34,7,4,24
90066,Semestene,090066,0,3,1,2,3
90067,Sennori,090067,3,24,18,7,30
90068,Siligo,090068,0,20,5,3,21
90069,Sorso,090069,7,65,47,11,24
90070,Tempio Pausania,090070,9,81,45,15,55
90071,Thiesi,090071,1,29,1,7,8
90072,Tissi,090072,2,1,7,4,7
90073,Torralba,090073,1,9,5,3,16
90074,Trinità d'Agultu e Vignola,090074,3,31,25,4,30
90075,Tula,090075,0,26,8,5,7
90076,Uri,090076,4,22,9,5,11
90077,Usini,090077,12,12,13,6,17
90078,Villanova Monteleone,090078,2,56,6,5,36
90079,Valledoria,090079,7,7,36,6,21
90080,Telti,090080,2,20,8,5,7
90081,Badesi,090081,1,4,16,4,16
90082,Viddalba,090082,0,8,4,3,7
90083,Golfo Aranci,090083,16,42,35,3,64
90084,Loiri Porto San Paolo,090084,5,165,44,8,24
90085,Sant'Antonio di Gallura,090085,6,5,11,5,9
90086,Tergu,090086,1,22,4,1,2
90087,Santa Maria Coghinas,090087,0,19,8,4,2
90088,Erula,090088,0,10,3,3,7
90089,Stintino,090089,3,124,45,5,67
90090,Padru,090090,1,106,14,5,8
90091,Budoni,090091,8,59,81,13,83
90092,San Teodoro,090092,6,370,71,7,56
91001,Aritzo,091001,0,22,8,6,24
91002,Arzana,091002,6,31,8,5,19
91003,Atzara,091003,0,12,4,4,7
91004,Austis,091004,0,7,7,5,19
91005,Bari Sardo,091005,2,31,34,5,45
91006,Baunei,091006,19,312,27,8,70
91007,Belvì,091007,2,5,6,2,7
91008,Birori,091008,3,5,2,2,22
91009,Bitti,091009,0,53,12,8,31
91010,Bolotana,091010,5,17,11,5,23
91011,Borore,091011,6,14,8,6,14
91012,Bortigali,091012,5,3,6,5,22
91016,Desulo,091016,0,38,22,8,24
91017,Dorgali,091017,27,317,78,23,138
91018,Dualchi,091018,0,7,3,3,20
91019,Elini,091019,2,1,3,2,2
91024,Fonni,091024,0,34,16,5,28
91025,Gadoni,091025,0,15,3,4,11
91026,Gairo,091026,2,43,7,5,31
91027,Galtellì,091027,3,182,9,5,23
91028,Gavoi,091028,0,20,9,7,24
91031,Girasole,091031,2,2,4,5,7
91032,Ilbono,091032,7,13,5,5,13
91033,Irgoli,091033,0,12,7,5,11
91035,Jerzu,091035,1,37,17,9,15
91037,Lanusei,091037,22,19,13,13,39
91038,Lei,091038,2,4,2,3,15
91039,Loceri,091039,0,12,7,4,9
91040,Loculi,091040,1,7,4,2,6
91041,Lodè,091041,1,9,5,5,13
91042,Lotzorai,091042,7,33,21,7,40
91043,Lula,091043,1,28,10,5,14
91044,Macomer,091044,13,18,12,18,65
91046,Mamoiada,091046,3,21,23,5,27
91047,Meana Sardo,091047,5,17,8,5,8
91050,Noragugume,091050,0,3,1,1,7
91051,Nuoro,091051,17,102,70,58,104
91055,Oliena,091055,1,159,23,7,45
91056,Ollolai,091056,2,60,4,5,7
91057,Olzai,091057,0,19,3,4,3
91058,Onanì,091058,0,11,3,2,12
91059,Onifai,091059,1,11,2,2,5
91060,Oniferi,091060,3,9,3,4,13
91061,Orani,091061,0,25,12,5,11
91062,Orgosolo,091062,1,256,24,6,78
91063,Orosei,091063,3,108,88,10,81
91064,Orotelli,091064,2,6,4,5,12
91066,Ortueri,091066,0,4,0,4,1
91067,Orune,091067,0,163,1,5,7
91068,Osidda,091068,0,58,2,2,7
91069,Osini,091069,0,29,3,2,31
91070,Ottana,091070,0,5,10,6,8
91071,Ovodda,091071,1,16,6,5,10
91072,Perdasdefogu,091072,3,11,6,6,9
91073,Posada,091073,2,209,26,6,37
91077,Sarule,091077,0,22,8,4,10
91083,Silanus,091083,8,6,10,5,27
91084,Sindia,091084,3,9,4,5,16
91085,Siniscola,091085,3,94,54,17,59
91086,Sorgono,091086,2,8,4,9,41
91088,Talana,091088,0,15,4,4,20
91089,Tertenia,091089,6,76,30,6,70
91090,Teti,091090,0,6,8,4,23
91091,Tiana,091091,0,5,2,3,1
91093,Tonara,091093,2,34,15,6,16
91094,Torpè,091094,0,81,13,6,17
91095,Tortolì,091095,95,101,89,28,84
91097,Triei,091097,7,3,8,5,9
91098,Ulassai,091098,0,77,8,5,35
91099,Urzulei,091099,0,167,9,6,29
91100,Ussassai,091100,4,67,3,3,29
91101,Villagrande Strisaili,091101,6,48,13,9,44
91103,Cardedu,091103,1,18,15,4,49
91104,Lodine,091104,1,6,2,2,3
92003,Assemini,092003,14,154,42,25,23
92009,Cagliari,092009,344,1126,557,268,312
92011,Capoterra,092011,15,90,14,23,24
92015,Decimomannu,092015,13,12,11,10,4
92037,Maracalagonis,092037,6,96,15,10,29
92050,Pula,092050,24,73,47,11,64
92051,Quartu Sant'Elena,092051,48,97,66,70,88
92066,Sarroch,092066,5,48,4,5,23
92068,Selargius,092068,9,52,16,34,26
92074,Sestu,092074,29,42,16,14,5
92075,Settimo San Pietro,092075,6,18,2,8,11
92080,Sinnai,092080,8,475,36,16,155
92090,Uta,092090,2,53,16,9,17
92099,Villa San Pietro,092099,5,10,7,4,3
92105,Quartucciu,092105,2,41,8,8,39
92108,Elmas,092108,31,44,21,14,9
92109,Monserrato,092109,54,60,12,23,24
95001,Abbasanta,095001,11,50,20,8,13
95002,Aidomaggiore,095002,0,4,1,2,20
95003,Albagiara,095003,4,7,1,1,1
95004,Ales,095004,0,7,4,6,14
95005,Allai,095005,1,6,4,2,15
95006,Arborea,095006,0,32,22,7,24
95007,Ardauli,095007,0,8,3,4,10
95008,Assolo,095008,2,1,1,1,1
95009,Asuni,095009,0,8,2,1,8
95010,Baradili,095010,0,0,2,0,5
95011,Baratili San Pietro,095011,6,4,2,4,2
95012,Baressa,095012,3,4,2,4,3
95013,Bauladu,095013,1,4,2,4,32
95014,Bidonì,095014,0,2,0,0,6
95015,Bonarcado,095015,0,60,4,5,34
95016,Boroneddu,095016,0,1,1,2,3
95017,Busachi,095017,0,10,2,4,6
95018,Cabras,095018,1,54,95,12,136
95019,Cuglieri,095019,6,125,31,6,76
95020,Fordongianus,095020,0,12,8,4,14
95021,Ghilarza,095021,0,25,26,14,23
95022,Gonnoscodina,095022,0,2,4,2,3
95023,Gonnosnò,095023,1,3,4,3,4
95024,Gonnostramatza,095024,0,9,1,3,6
95025,Marrubiu,095025,7,47,13,9,17
95026,Masullas,095026,2,21,7,5,7
95027,Milis,095027,0,4,2,5,15
95028,Mogorella,095028,0,1,2,2,7
95029,Mogoro,095029,8,19,17,7,42
95030,Morgongiori,095030,0,21,2,3,15
95031,Narbolia,095031,3,11,10,5,35
95032,Neoneli,095032,0,10,2,3,7
95033,Norbello,095033,0,8,5,4,16
95034,Nughedu Santa Vittoria,095034,1,12,1,2,9
95035,Nurachi,095035,1,11,6,5,6
95036,Nureci,095036,0,1,0,2,6
95037,Ollastra,095037,0,4,5,5,11
95038,Oristano,095038,74,149,229,59,63
95039,Palmas Arborea,095039,0,47,2,4,7
95040,Pau,095040,0,43,3,2,13
95041,Paulilatino,095041,4,22,4,6,57
95042,Pompu,095042,0,3,1,0,2
95043,Riola Sardo,095043,4,23,15,5,11
95044,Ruinas,095044,0,4,1,4,3
95045,Samugheo,095045,0,32,7,5,28
95046,San Nicolò d'Arcidano,095046,3,19,8,5,20
95047,Santa Giusta,095047,1,35,17,6,12
95048,Villa Sant'Antonio,095048,0,6,0,3,19
95049,Santu Lussurgiu,095049,1,208,12,4,24
95050,San Vero Milis,095050,0,11,28,5,32
95051,Scano di Montiferro,095051,2,10,4,5,38
95052,Sedilo,095052,5,244,20,6,80
95053,Seneghe,095053,0,60,5,5,36
95054,Senis,095054,0,3,0,2,5
95055,Sennariolo,095055,0,1,2,0,14
95056,Siamaggiore,095056,6,8,5,2,6
95057,Siamanna,095057,0,6,2,2,5
95058,Simala,095058,1,3,2,2,2
95059,Simaxis,095059,3,16,16,5,7
95060,Sini,095060,0,3,1,2,5
95061,Siris,095061,0,3,1,0,5
95062,Solarussa,095062,9,24,9,5,18
95063,Sorradile,095063,0,3,3,3,10
95064,Tadasuni,095064,0,1,2,0,5
95065,Terralba,095065,5,142,43,16,19
95066,Tramatza,095066,1,5,7,3,9
95067,Tresnuraghes,095067,4,3,13,4,30
95068,Ulà Tirso,095068,0,1,4,2,2
95069,Uras,095069,3,20,8,6,6
95070,Usellus,095070,0,90,4,3,8
95071,Villanova Truschedu,095071,1,34,3,1,15
95072,Villaurbana,095072,0,13,5,6,13
95073,Villa Verde,095073,0,6,1,2,6
95074,Zeddiani,095074,3,5,4,3,4
95075,Zerfaliu,095075,12,40,2,2,24
95076,Siapiccia,095076,0,4,0,1,2
95077,Curcuris,095077,0,2,2,1,2
95078,Soddì,095078,0,1,1,0,5
95079,Bosa,095079,14,53,77,13,75
95080,Flussio,095080,1,1,5,2,13
95082,Laconi,095082,3,26,11,7,25
95083,Magomadas,095083,3,3,6,2,10
95084,Modolo,095084,0,4,1,1,7
95085,Montresta,095085,0,3,3,4,9
95086,Sagama,095086,0,4,1,2,14
95087,Suni,095087,4,3,7,4,23
95088,Tinnura,095088,4,1,3,1,31
111001,Arbus,111001,1,66,54,10,96
111002,Armungia,111002,0,11,3,2,12
111003,Ballao,111003,0,14,2,4,5
111004,Barrali,111004,1,2,1,4,4
111005,Barumini,111005,0,82,7,4,124
111006,Buggerru,111006,6,80,21,7,29
111007,Burcei,111007,3,202,9,5,57
111008,Calasetta,111008,1,19,21,5,18
111009,Carbonia,111009,10,60,18,41,50
111010,Carloforte,111010,37,68,18,8,51
111011,Castiadas,111011,2,35,18,5,74
111012,Collinas,111012,0,7,1,2,13
111013,Decimoputzu,111013,1,6,5,5,6
111014,Dolianova,111014,3,72,4,9,25
111015,Domus de Maria,111015,3,15,21,6,35
111016,Domusnovas,111016,0,78,8,7,14
111017,Donori,111017,3,0,5,5,6
111018,Escalaplano,111018,0,9,5,5,9
111019,Escolca,111019,0,0,2,2,5
111020,Esterzili,111020,6,13,1,4,24
111021,Fluminimaggiore,111021,4,87,16,5,30
111022,Furtei,111022,0,3,3,4,8
111023,Genoni,111023,0,8,3,4,9
111024,Genuri,111024,0,8,1,1,5
111025,Gergei,111025,0,3,6,5,10
111026,Gesico,111026,1,2,2,2,4
111027,Gesturi,111027,0,7,4,4,20
111028,Giba,111028,6,8,2,5,6
111029,Goni,111029,0,22,1,2,21
111030,Gonnesa,111030,2,44,3,6,34
111031,Gonnosfanadiga,111031,9,45,17,6,20
111032,Guamaggiore,111032,0,1,2,3,3
111033,Guasila,111033,0,6,6,6,6
111034,Guspini,111034,1,46,30,13,33
111035,Iglesias,111035,17,195,46,43,139
111036,Isili,111036,12,34,11,9,26
111037,Las Plassas,111037,0,25,1,1,11
111038,Lunamatrona,111038,0,3,6,5,15
111039,Mandas,111039,4,6,10,5,19
111040,Masainas,111040,4,39,6,3,13
111041,Monastir,111041,0,28,5,5,11
111042,Muravera,111042,4,183,52,14,119
111043,Musei,111043,3,7,2,5,1
111044,Narcao,111044,0,9,4,6,9
111045,Nuragus,111045,0,4,2,4,6
111046,Nurallao,111046,4,8,1,6,6
111047,Nuraminis,111047,1,10,6,5,10
111048,Nurri,111048,3,2,5,5,3
111049,Nuxis,111049,1,23,1,4,9
111050,Orroli,111050,2,16,6,5,23
111051,Ortacesus,111051,0,1,3,3,4
111052,Pabillonis,111052,0,10,5,4,12
111053,Pauli Arbarei,111053,0,1,4,2,13
111054,Perdaxius,111054,0,9,3,6,3
111055,Pimentel,111055,0,1,2,4,7
111056,Piscinas,111056,0,4,0,2,6
111057,Portoscuso,111057,14,26,11,11,23
111058,Sadali,111058,6,28,8,5,15
111059,Samassi,111059,6,4,10,7,3
111060,Samatzai,111060,0,3,2,4,5
111061,San Basilio,111061,0,2,2,5,6
111062,San Gavino Monreale,111062,15,9,17,17,6
111063,San Giovanni Suergiu,111063,15,28,6,5,30
111064,San Nicolò Gerrei,111064,0,9,3,4,3
111065,San Sperate,111065,1,13,2,6,43
111066,San Vito,111066,1,210,12,5,69
111067,Sanluri,111067,4,16,19,14,13
111068,Santadi,111068,2,12,15,7,15
111069,Sant'Andrea Frius,111069,0,3,4,5,3
111070,Sant'Anna Arresi,111070,5,18,12,6,20
111071,Sant'Antioco,111071,12,72,22,15,87
111072,Sardara,111072,1,10,9,5,21
111073,Segariu,111073,0,4,2,3,7
111074,Selegas,111074,0,3,3,4,10
111075,Senorbì,111075,4,9,16,9,5
111076,Serdiana,111076,2,7,5,5,8
111077,Serramanna,111077,4,480,9,18,10
111078,Serrenti,111078,3,21,13,7,11
111079,Serri,111079,1,8,3,2,16
111080,Setzu,111080,0,3,1,0,6
111081,Seui,111081,8,121,3,5,91
111082,Seulo,111082,1,191,6,4,43
111083,Siddi,111083,0,12,4,3,9
111084,Siliqua,111084,7,46,3,5,18
111085,Silius,111085,0,4,3,4,10
111086,Siurgus Donigala,111086,0,6,3,5,7
111087,Soleminis,111087,1,57,6,5,5
111088,Suelli,111088,4,6,2,4,6
111089,Teulada,111089,2,43,10,7,37
111090,Tratalias,111090,0,3,3,2,13
111091,Tuili,111091,0,15,4,4,23
111092,Turri,111092,0,2,2,2,4
111093,Ussana,111093,0,1,6,6,4
111094,Ussaramanna,111094,1,3,2,3,6
111095,Vallermosa,111095,1,15,2,5,8
111096,Villacidro,111096,3,85,26,20,28
111097,Villamar,111097,0,6,11,7,14
111098,Villamassargia,111098,7,45,0,6,27
111099,Villanova Tulo,111099,3,7,5,5,27
111100,Villanovaforru,111100,0,3,4,3,19
111101,Villanovafranca,111101,0,1,3,4,11
111102,Villaperuccio,111102,0,5,2,3,37
111103,Villaputzu,111103,5,102,18,6,56
111104,Villasalto,111104,1,46,1,4,10
111105,Villasimius,111105,4,124,68,7,65
111106,Villasor,111106,7,252,6,6,19
111107,Villaspeciosa,111107,4,21,1,5,3
