comune,anno,abitazioni_totali,abitazioni_occupate,abitazioni_non_occupate,somma_controllo,differenza
Abbasanta,2019,1609,1076,533,1609,0
Abbasanta,2021,1610,1128,482,1610,0
Abbasanta,2023,1635,1149,486,1635,0
Aggius,2019,1024,612,412,1024,0
Aggius,2021,1026,622,404,1026,0
Aggius,2023,1038,629,409,1038,0
Aglientu,2019,3255,655,2600,3255,0
Aglientu,2021,3264,674,2590,3264,0
Aglientu,2023,3293,701,2592,3293,0
Aidomaggiore,2019,354,192,162,354,0
Aidomaggiore,2021,357,191,166,357,0
Aidomaggiore,2023,358,177,181,358,0
Albagiara,2019,208,111,97,208,0
Albagiara,2021,209,112,97,209,0
Albagiara,2023,210,113,97,210,0
Ales,2019,943,580,363,943,0
Ales,2021,941,584,357,941,0
Ales,2023,943,572,371,943,0
Alghero,2019,30709,20890,9819,30709,0
Alghero,2021,30863,21315,9548,30863,0
Alghero,2023,31419,21578,9841,31419,0
Allai,2019,306,159,147,306,0
Allai,2021,308,161,147,308,0
Allai,2023,306,162,144,306,0
Alà Dei Sardi,2019,1285,790,495,1285,0
Alà Dei Sardi,2021,1284,815,469,1284,0
Alà Dei Sardi,2023,1309,810,499,1309,0
Anela,2019,553,271,282,553,0
Anela,2021,552,284,268,552,0
Anela,2023,543,279,264,543,0
Arborea,2019,1680,1473,207,1680,0
Arborea,2021,1685,1503,182,1685,0
Arborea,2023,1704,1520,184,1704,0
Arbus,2019,5913,2768,3145,5913,0
Arbus,2021,5918,2753,3165,5918,0
Arbus,2023,5951,2740,3211,5951,0
Ardara,2019,441,307,134,441,0
Ardara,2021,444,317,127,444,0
Ardara,2023,441,310,131,441,0
Ardauli,2019,968,416,552,968,0
Ardauli,2021,970,389,581,970,0
Ardauli,2023,976,381,595,976,0
Aritzo,2019,1104,519,585,1104,0
Aritzo,2021,1111,530,581,1111,0
Aritzo,2023,1118,517,601,1118,0
Armungia,2019,473,227,246,473,0
Armungia,2021,473,228,245,473,0
Armungia,2023,474,219,255,474,0
Arzachena,2019,15832,6355,9477,15832,0
Arzachena,2021,15875,6315,9560,15875,0
Arzachena,2023,16050,6488,9562,16050,0
Arzana,2019,1408,983,425,1408,0
Arzana,2021,1413,971,442,1413,0
Arzana,2023,1441,992,449,1441,0
Assemini,2019,12120,10973,1147,12120,0
Assemini,2021,12173,11312,861,12173,0
Assemini,2023,12315,11414,901,12315,0
Assolo,2019,300,170,130,300,0
Assolo,2021,301,165,136,301,0
Assolo,2023,302,158,144,302,0
Asuni,2019,278,138,140,278,0
Asuni,2021,279,144,135,279,0
Asuni,2023,282,144,138,282,0
Atzara,2019,878,504,374,878,0
Atzara,2021,878,489,389,878,0
Atzara,2023,845,477,368,845,0
Austis,2019,609,381,228,609,0
Austis,2021,610,373,237,610,0
Austis,2023,613,379,234,613,0
Badesi,2019,3269,867,2402,3269,0
Badesi,2021,3277,901,2376,3277,0
Badesi,2023,3377,908,2469,3377,0
Ballao,2019,628,344,284,628,0
Ballao,2021,630,334,296,630,0
Ballao,2023,634,333,301,634,0
Banari,2019,563,266,297,563,0
Banari,2021,566,273,293,566,0
Banari,2023,568,269,299,568,0
Baradili,2019,86,37,49,86,0
Baradili,2021,87,41,46,87,0
Baradili,2023,91,45,46,91,0
Baratili San Pietro,2019,742,527,215,742,0
Baratili San Pietro,2021,750,534,216,750,0
Baratili San Pietro,2023,762,549,213,762,0
Baressa,2019,510,282,228,510,0
Baressa,2021,509,286,223,509,0
Baressa,2023,511,287,224,511,0
Bari Sardo,2019,2839,1857,982,2839,0
Bari Sardo,2021,2871,1872,999,2871,0
Bari Sardo,2023,2943,1869,1074,2943,0
Barrali,2019,520,414,106,520,0
Barrali,2021,528,430,98,528,0
Barrali,2023,543,452,91,543,0
Barumini,2019,744,527,217,744,0
Barumini,2021,744,523,221,744,0
Barumini,2023,744,515,229,744,0
Bauladu,2019,407,265,142,407,0
Bauladu,2021,407,266,141,407,0
Bauladu,2023,407,270,137,407,0
Baunei,2019,3335,1616,1719,3335,0
Baunei,2021,3372,1587,1785,3372,0
Baunei,2023,3318,1587,1731,3318,0
Belvì,2019,504,258,246,504,0
Belvì,2021,501,249,252,501,0
Belvì,2023,510,249,261,510,0
Benetutti,2019,1256,688,568,1256,0
Benetutti,2021,1260,677,583,1260,0
Benetutti,2023,1265,683,582,1265,0
Berchidda,2019,1772,1139,633,1772,0
Berchidda,2021,1773,1141,632,1773,0
Berchidda,2023,1798,1161,637,1798,0
Bessude,2019,323,189,134,323,0
Bessude,2021,323,187,136,323,0
Bessude,2023,320,184,136,320,0
Bidonì,2019,153,64,89,153,0
Bidonì,2021,153,60,93,153,0
Bidonì,2023,151,60,91,151,0
Birori,2019,320,218,102,320,0
Birori,2021,320,216,104,320,0
Birori,2023,324,225,99,324,0
Bitti,2019,2333,1225,1108,2333,0
Bitti,2021,2337,1209,1128,2337,0
Bitti,2023,2327,1191,1136,2327,0
Bolotana,2019,1853,1163,690,1853,0
Bolotana,2021,1855,1105,750,1855,0
Bolotana,2023,1844,1087,757,1844,0
Bonarcado,2019,986,622,364,986,0
Bonarcado,2021,988,644,344,988,0
Bonarcado,2023,1007,663,344,1007,0
Bonnanaro,2019,844,446,398,844,0
Bonnanaro,2021,841,442,399,841,0
Bonnanaro,2023,836,451,385,836,0
Bono,2019,2052,1503,549,2052,0
Bono,2021,2051,1443,608,2051,0
Bono,2023,2036,1449,587,2036,0
Bonorva,2019,2527,1444,1083,2527,0
Bonorva,2021,2523,1442,1081,2523,0
Bonorva,2023,2500,1410,1090,2500,0
Boroneddu,2019,113,71,42,113,0
Boroneddu,2021,116,73,43,116,0
Boroneddu,2023,118,76,42,118,0
Borore,2019,1207,905,302,1207,0
Borore,2021,1208,864,344,1208,0
Borore,2023,1212,873,339,1212,0
Bortigali,2019,1050,610,440,1050,0
Bortigali,2021,1052,584,468,1052,0
Bortigali,2023,1064,605,459,1064,0
Bortigiadas,2019,579,350,229,579,0
Bortigiadas,2021,581,336,245,581,0
Bortigiadas,2023,585,326,259,585,0
Borutta,2019,260,133,127,260,0
Borutta,2021,258,130,128,258,0
Borutta,2023,256,125,131,256,0
Bosa,2019,6193,3439,2754,6193,0
Bosa,2021,6205,3385,2820,6205,0
Bosa,2023,6255,3405,2850,6255,0
Bottidda,2019,499,310,189,499,0
Bottidda,2021,500,302,198,500,0
Bottidda,2023,502,302,200,502,0
Buddusò,2019,2133,1437,696,2133,0
Buddusò,2021,2140,1431,709,2140,0
Buddusò,2023,2185,1393,792,2185,0
Budoni,2019,10155,2610,7545,10155,0
Budoni,2021,10270,2758,7512,10270,0
Budoni,2023,10626,2904,7722,10626,0
Buggerru,2019,1401,481,920,1401,0
Buggerru,2021,1396,515,881,1396,0
Buggerru,2023,1408,517,891,1408,0
Bultei,2019,807,379,428,807,0
Bultei,2021,809,385,424,809,0
Bultei,2023,816,372,444,816,0
Bulzi,2019,405,240,165,405,0
Bulzi,2021,406,247,159,406,0
Bulzi,2023,402,243,159,402,0
Burcei,2019,1340,1057,283,1340,0
Burcei,2021,1349,1043,306,1349,0
Burcei,2023,1361,1045,316,1361,0
Burgos,2019,628,423,205,628,0
Burgos,2021,627,420,207,627,0
Burgos,2023,634,411,223,634,0
Busachi,2019,1103,574,529,1103,0
Busachi,2021,1105,540,565,1105,0
Busachi,2023,1110,535,575,1110,0
Cabras,2019,5494,3858,1636,5494,0
Cabras,2021,5524,3887,1637,5524,0
Cabras,2023,5615,3914,1701,5615,0
Cagliari,2019,80132,73411,6721,80132,0
Cagliari,2021,80388,74318,6070,80388,0
Cagliari,2023,82245,74959,7286,82245,0
Calangianus,2019,2487,1614,873,2487,0
Calangianus,2021,2496,1595,901,2496,0
Calangianus,2023,2516,1588,928,2516,0
Calasetta,2019,3998,1485,2513,3998,0
Calasetta,2021,4025,1489,2536,4025,0
Calasetta,2023,4086,1535,2551,4086,0
Capoterra,2019,10312,9522,790,10312,0
Capoterra,2021,10931,10202,729,10931,0
Capoterra,2023,11099,10528,571,11099,0
Carbonia,2019,14297,12106,2191,14297,0
Carbonia,2021,14309,12293,2016,14309,0
Carbonia,2023,14630,12371,2259,14630,0
Cardedu,2019,1097,967,130,1097,0
Cardedu,2021,1191,960,231,1191,0
Cardedu,2023,1276,977,299,1276,0
Cargeghe,2019,379,255,124,379,0
Cargeghe,2021,380,252,128,380,0
Cargeghe,2023,382,269,113,382,0
Carloforte,2019,7338,2949,4389,7338,0
Carloforte,2021,7358,3031,4327,7358,0
Carloforte,2023,7436,3061,4375,7436,0
Castelsardo,2019,5758,2831,2927,5758,0
Castelsardo,2021,5818,2851,2967,5818,0
Castelsardo,2023,5991,2881,3110,5991,0
Castiadas,2019,1718,761,957,1718,0
Castiadas,2021,1756,794,962,1756,0
Castiadas,2023,1837,841,996,1837,0
Cheremule,2019,381,197,184,381,0
Cheremule,2021,382,199,183,382,0
Cheremule,2023,383,197,186,383,0
Chiaramonti,2019,1150,720,430,1150,0
Chiaramonti,2021,1154,728,426,1154,0
Chiaramonti,2023,1169,739,430,1169,0
Codrongianos,2019,796,538,258,796,0
Codrongianos,2021,796,552,244,796,0
Codrongianos,2023,806,575,231,806,0
Collinas,2019,568,371,197,568,0
Collinas,2021,566,369,197,566,0
Collinas,2023,563,353,210,563,0
Cossoine,2019,646,364,282,646,0
Cossoine,2021,648,362,286,648,0
Cossoine,2023,647,378,269,647,0
Cuglieri,2019,3565,1300,2265,3565,0
Cuglieri,2021,3572,1282,2290,3572,0
Cuglieri,2023,3602,1273,2329,3602,0
Curcuris,2019,199,132,67,199,0
Curcuris,2021,199,136,63,199,0
Curcuris,2023,205,132,73,205,0
Decimomannu,2019,3607,3300,307,3607,0
Decimomannu,2021,3645,3452,193,3645,0
Decimomannu,2023,3759,3550,209,3759,0
Decimoputzu,2019,1960,1707,253,1960,0
Decimoputzu,2021,1970,1761,209,1970,0
Decimoputzu,2023,2009,1789,220,2009,0
Desulo,2019,1904,1116,788,1904,0
Desulo,2021,1903,1058,845,1903,0
Desulo,2023,1908,1040,868,1908,0
Dolianova,2019,4729,3965,764,4729,0
Dolianova,2021,4754,3978,776,4754,0
Dolianova,2023,4816,4014,802,4816,0
Domus De Maria,2019,2545,830,1715,2545,0
Domus De Maria,2021,2552,843,1709,2552,0
Domus De Maria,2023,2575,868,1707,2575,0
Domusnovas,2019,3117,2455,662,3117,0
Domusnovas,2021,3126,2464,662,3126,0
Domusnovas,2023,3182,2519,663,3182,0
Donori,2019,958,790,168,958,0
Donori,2021,984,805,179,984,0
Donori,2023,1008,826,182,1008,0
Dorgali,2019,6306,3516,2790,6306,0
Dorgali,2021,6343,3612,2731,6343,0
Dorgali,2023,6429,3666,2763,6429,0
Dualchi,2019,451,265,186,451,0
Dualchi,2021,449,276,173,449,0
Dualchi,2023,446,275,171,446,0
Elini,2019,374,235,139,374,0
Elini,2021,369,231,138,369,0
Elini,2023,367,235,132,367,0
Elmas,2019,4334,4038,296,4334,0
Elmas,2021,4408,4192,216,4408,0
Elmas,2023,4623,4451,172,4623,0
Erula,2019,395,311,84,395,0
Erula,2021,396,315,81,396,0
Erula,2023,394,314,80,394,0
Escalaplano,2019,1391,949,442,1391,0
Escalaplano,2021,1395,937,458,1395,0
Escalaplano,2023,1401,941,460,1401,0
Escolca,2019,363,268,95,363,0
Escolca,2021,363,266,97,363,0
Escolca,2023,365,266,99,365,0
Esporlatu,2019,279,177,102,279,0
Esporlatu,2021,279,183,96,279,0
Esporlatu,2023,280,184,96,280,0
Esterzili,2019,688,310,378,688,0
Esterzili,2021,691,304,387,691,0
Esterzili,2023,702,318,384,702,0
Florinas,2019,974,627,347,974,0
Florinas,2021,974,612,362,974,0
Florinas,2023,989,627,362,989,0
Fluminimaggiore,2019,2206,1210,996,2206,0
Fluminimaggiore,2021,2216,1210,1006,2216,0
Fluminimaggiore,2023,2247,1231,1016,2247,0
Flussio,2019,338,212,126,338,0
Flussio,2021,338,217,121,338,0
Flussio,2023,345,205,140,345,0
Fonni,2019,2258,1578,680,2258,0
Fonni,2021,2258,1579,679,2258,0
Fonni,2023,2296,1578,718,2296,0
Fordongianus,2019,791,416,375,791,0
Fordongianus,2021,790,416,374,790,0
Fordongianus,2023,787,415,372,787,0
Furtei,2019,869,642,227,869,0
Furtei,2021,875,648,227,875,0
Furtei,2023,888,649,239,888,0
Gadoni,2019,705,370,335,705,0
Gadoni,2021,703,356,347,703,0
Gadoni,2023,705,348,357,705,0
Gairo,2019,743,680,63,743,0
Gairo,2021,743,684,59,743,0
Gairo,2023,799,679,120,799,0
Galtellì,2019,1206,1067,139,1206,0
Galtellì,2021,1206,1073,133,1206,0
Galtellì,2023,1244,1060,184,1244,0
Gavoi,2019,1764,1126,638,1764,0
Gavoi,2021,1628,1117,511,1628,0
Gavoi,2023,1631,1135,496,1631,0
Genoni,2019,538,357,181,538,0
Genoni,2021,539,347,192,539,0
Genoni,2023,541,347,194,541,0
Genuri,2019,275,138,137,275,0
Genuri,2021,274,141,133,274,0
Genuri,2023,274,137,137,274,0
Gergei,2019,820,528,292,820,0
Gergei,2021,820,513,307,820,0
Gergei,2023,816,519,297,816,0
Gesico,2019,484,331,153,484,0
Gesico,2021,488,318,170,488,0
Gesico,2023,486,313,173,486,0
Gesturi,2019,787,530,257,787,0
Gesturi,2021,795,529,266,795,0
Gesturi,2023,801,531,270,801,0
Ghilarza,2019,2775,1879,896,2775,0
Ghilarza,2021,2791,1843,948,2791,0
Ghilarza,2023,2839,1857,982,2839,0
Giave,2019,646,254,392,646,0
Giave,2021,642,250,392,642,0
Giave,2023,637,241,396,637,0
Giba,2019,1308,863,445,1308,0
Giba,2021,1334,890,444,1334,0
Giba,2023,1352,940,412,1352,0
Girasole,2019,732,558,174,732,0
Girasole,2021,736,563,173,736,0
Girasole,2023,751,590,161,751,0
Golfo Aranci,2019,5275,1207,4068,5275,0
Golfo Aranci,2021,5294,1191,4103,5294,0
Golfo Aranci,2023,5400,1202,4198,5400,0
Goni,2019,272,215,57,272,0
Goni,2021,273,222,51,273,0
Goni,2023,277,217,60,277,0
Gonnesa,2019,2892,2124,768,2892,0
Gonnesa,2021,2898,2107,791,2898,0
Gonnesa,2023,2903,2100,803,2903,0
Gonnoscodina,2019,345,196,149,345,0
Gonnoscodina,2021,346,194,152,346,0
Gonnoscodina,2023,351,195,156,351,0
Gonnosfanadiga,2019,3562,2678,884,3562,0
Gonnosfanadiga,2021,3569,2685,884,3569,0
Gonnosfanadiga,2023,3576,2691,885,3576,0
Gonnosnò,2019,527,322,205,527,0
Gonnosnò,2021,532,325,207,532,0
Gonnosnò,2023,536,321,215,536,0
Gonnostramatza,2019,559,353,206,559,0
Gonnostramatza,2021,560,343,217,560,0
Gonnostramatza,2023,564,345,219,564,0
Guamaggiore,2019,511,416,95,511,0
Guamaggiore,2021,513,433,80,513,0
Guamaggiore,2023,516,414,102,516,0
Guasila,2019,1464,1113,351,1464,0
Guasila,2021,1468,1129,339,1468,0
Guasila,2023,1470,1103,367,1470,0
Guspini,2019,6010,4811,1199,6010,0
Guspini,2021,6026,4781,1245,6026,0
Guspini,2023,6090,4776,1314,6090,0
Iglesias,2019,14208,11724,2484,14208,0
Iglesias,2021,14211,11862,2349,14211,0
Iglesias,2023,14591,11888,2703,14591,0
Ilbono,2019,1480,940,540,1480,0
Ilbono,2021,1248,890,358,1248,0
Ilbono,2023,1273,895,378,1273,0
Illorai,2019,671,372,299,671,0
Illorai,2021,672,357,315,672,0
Illorai,2023,669,347,322,669,0
Irgoli,2019,1105,1006,99,1105,0
Irgoli,2021,1117,1010,107,1117,0
Irgoli,2023,1155,1007,148,1155,0
Isili,2019,1482,1101,381,1482,0
Isili,2021,1490,1123,367,1490,0
Isili,2023,1536,1124,412,1536,0
Ittireddu,2019,411,209,202,411,0
Ittireddu,2021,409,211,198,409,0
Ittireddu,2023,411,214,197,411,0
Ittiri,2019,4074,3585,489,4074,0
Ittiri,2021,4074,3499,575,4074,0
Ittiri,2023,4102,3473,629,4102,0
Jerzu,2019,2473,1508,965,2473,0
Jerzu,2021,2476,1470,1006,2476,0
Jerzu,2023,2534,1428,1106,2534,0
La Maddalena,2019,10044,5483,4561,10044,0
La Maddalena,2021,10122,5420,4702,10122,0
La Maddalena,2023,10292,5392,4900,10292,0
Laconi,2019,1458,841,617,1458,0
Laconi,2021,1442,825,617,1442,0
Laconi,2023,1444,818,626,1444,0
Laerru,2019,673,392,281,673,0
Laerru,2021,675,395,280,675,0
Laerru,2023,675,393,282,675,0
Lanusei,2019,3303,2380,923,3303,0
Lanusei,2021,3298,2400,898,3298,0
Lanusei,2023,3341,2432,909,3341,0
Las Plassas,2019,201,106,95,201,0
Las Plassas,2021,203,108,95,203,0
Las Plassas,2023,202,103,99,202,0
Lei,2019,353,218,135,353,0
Lei,2021,352,213,139,352,0
Lei,2023,351,207,144,351,0
Loceri,2019,976,610,366,976,0
Loceri,2021,986,632,354,986,0
Loceri,2023,995,648,347,995,0
Loculi,2019,322,249,73,322,0
Loculi,2021,323,257,66,323,0
Loculi,2023,333,247,86,333,0
Lodine,2019,156,152,4,156,0
Lodine,2021,153,148,5,153,0
Lodine,2023,155,143,12,155,0
Lodè,2019,1407,825,582,1407,0
Lodè,2021,1406,803,603,1406,0
Lodè,2023,1414,806,608,1414,0
Loiri Porto San Paolo,2019,5063,1753,3310,5063,0
Loiri Porto San Paolo,2021,5094,1771,3323,5094,0
Loiri Porto San Paolo,2023,5199,1848,3351,5199,0
Lotzorai,2019,1481,1004,477,1481,0
Lotzorai,2021,1495,1008,487,1495,0
Lotzorai,2023,1519,1020,499,1519,0
Lula,2019,1103,624,479,1103,0
Lula,2021,1103,620,483,1103,0
Lula,2023,1118,623,495,1118,0
Lunamatrona,2019,954,671,283,954,0
Lunamatrona,2021,954,702,252,954,0
Lunamatrona,2023,961,698,263,961,0
Luogosanto,2019,1373,798,575,1373,0
Luogosanto,2021,1378,806,572,1378,0
Luogosanto,2023,1394,815,579,1394,0
Luras,2019,1646,1046,600,1646,0
Luras,2021,1647,1052,595,1647,0
Luras,2023,1671,1042,629,1671,0
Macomer,2019,5075,4163,912,5075,0
Macomer,2021,5075,4124,951,5075,0
Macomer,2023,5105,4145,960,5105,0
Magomadas,2019,1017,347,670,1017,0
Magomadas,2021,1017,344,673,1017,0
Magomadas,2023,1026,342,684,1026,0
Mamoiada,2019,1311,1009,302,1311,0
Mamoiada,2021,1311,1012,299,1311,0
Mamoiada,2023,1330,1017,313,1330,0
Mandas,2019,1286,870,416,1286,0
Mandas,2021,1294,850,444,1294,0
Mandas,2023,1317,846,471,1317,0
Mara,2019,462,244,218,462,0
Mara,2021,462,234,228,462,0
Mara,2023,463,242,221,463,0
Maracalagonis,2019,5141,3273,1868,5141,0
Maracalagonis,2021,5175,3407,1768,5175,0
Maracalagonis,2023,5256,3481,1775,5256,0
Marrubiu,2019,2598,1925,673,2598,0
Marrubiu,2021,2604,1961,643,2604,0
Marrubiu,2023,2641,1989,652,2641,0
Martis,2019,457,245,212,457,0
Martis,2021,453,240,213,453,0
Martis,2023,453,240,213,453,0
Masainas,2019,864,573,291,864,0
Masainas,2021,881,546,335,881,0
Masainas,2023,914,555,359,914,0
Masullas,2019,644,423,221,644,0
Masullas,2021,646,420,226,646,0
Masullas,2023,661,435,226,661,0
Meana Sardo,2019,1243,760,483,1243,0
Meana Sardo,2021,1239,736,503,1239,0
Meana Sardo,2023,1238,733,505,1238,0
Milis,2019,821,610,211,821,0
Milis,2021,825,572,253,825,0
Milis,2023,837,578,259,837,0
Modolo,2019,172,84,88,172,0
Modolo,2021,175,80,95,175,0
Modolo,2023,179,85,94,179,0
Mogorella,2019,316,189,127,316,0
Mogorella,2021,316,188,128,316,0
Mogorella,2023,318,186,132,318,0
Mogoro,2019,2359,1628,731,2359,0
Mogoro,2021,2372,1686,686,2372,0
Mogoro,2023,2393,1666,727,2393,0
Monastir,2019,2153,1886,267,2153,0
Monastir,2021,2160,1897,263,2160,0
Monastir,2023,2195,1937,258,2195,0
Monserrato,2019,9057,8319,738,9057,0
Monserrato,2021,9113,8385,728,9113,0
Monserrato,2023,9234,8502,732,9234,0
Monteleone Rocca Doria,2019,137,62,75,137,0
Monteleone Rocca Doria,2021,137,61,76,137,0
Monteleone Rocca Doria,2023,136,58,78,136,0
Monti,2019,1485,983,502,1485,0
Monti,2021,1490,995,495,1490,0
Monti,2023,1514,1013,501,1514,0
Montresta,2019,507,209,298,507,0
Montresta,2021,505,210,295,505,0
Montresta,2023,502,210,292,502,0
Mores,2019,1361,834,527,1361,0
Mores,2021,1360,822,538,1360,0
Mores,2023,1366,811,555,1366,0
Morgongiori,2019,519,317,202,519,0
Morgongiori,2021,519,319,200,519,0
Morgongiori,2023,523,308,215,523,0
Muravera,2019,6862,2522,4340,6862,0
Muravera,2021,6903,2520,4383,6903,0
Muravera,2023,6961,2522,4439,6961,0
Muros,2019,454,333,121,454,0
Muros,2021,452,357,95,452,0
Muros,2023,454,351,103,454,0
Musei,2019,718,610,108,718,0
Musei,2021,720,622,98,720,0
Musei,2023,732,644,88,732,0
Narbolia,2019,1334,708,626,1334,0
Narbolia,2021,1341,721,620,1341,0
Narbolia,2023,1336,722,614,1336,0
Narcao,2019,1731,1257,474,1731,0
Narcao,2021,1771,1282,489,1771,0
Narcao,2023,1772,1296,476,1772,0
Neoneli,2019,508,305,203,508,0
Neoneli,2021,511,299,212,511,0
Neoneli,2023,508,291,217,508,0
Noragugume,2019,256,139,117,256,0
Noragugume,2021,256,126,130,256,0
Noragugume,2023,255,130,125,255,0
Norbello,2019,716,510,206,716,0
Norbello,2021,723,504,219,723,0
Norbello,2023,727,507,220,727,0
Nughedu San Nicolò,2019,708,398,310,708,0
Nughedu San Nicolò,2021,708,391,317,708,0
Nughedu San Nicolò,2023,706,382,324,706,0
Nughedu Santa Vittoria,2019,387,222,165,387,0
Nughedu Santa Vittoria,2021,386,208,178,386,0
Nughedu Santa Vittoria,2023,390,220,170,390,0
Nule,2019,800,501,299,800,0
Nule,2021,803,501,302,803,0
Nule,2023,804,506,298,804,0
Nulvi,2019,1627,1115,512,1627,0
Nulvi,2021,1627,1125,502,1627,0
Nulvi,2023,1616,1131,485,1616,0
Nuoro,2019,17720,15110,2610,17720,0
Nuoro,2021,17756,15324,2432,17756,0
Nuoro,2023,17953,15415,2538,17953,0
Nurachi,2019,922,724,198,922,0
Nurachi,2021,925,730,195,925,0
Nurachi,2023,934,740,194,934,0
Nuragus,2019,581,397,184,581,0
Nuragus,2021,593,392,201,593,0
Nuragus,2023,594,391,203,594,0
Nurallao,2019,697,474,223,697,0
Nurallao,2021,697,475,222,697,0
Nurallao,2023,698,480,218,698,0
Nuraminis,2019,1405,1034,371,1405,0
Nuraminis,2021,1410,1010,400,1410,0
Nuraminis,2023,1411,1011,400,1411,0
Nureci,2019,272,151,121,272,0
Nureci,2021,274,144,130,274,0
Nureci,2023,276,140,136,276,0
Nurri,2019,1390,912,478,1390,0
Nurri,2021,1388,890,498,1388,0
Nurri,2023,1399,895,504,1399,0
Nuxis,2019,1165,632,533,1165,0
Nuxis,2021,1160,659,501,1160,0
Nuxis,2023,1169,658,511,1169,0
Olbia,2019,42657,27420,15237,42657,0
Olbia,2021,42822,28279,14543,42822,0
Olbia,2023,43490,28870,14620,43490,0
Oliena,2019,3579,2664,915,3579,0
Oliena,2021,3588,2628,960,3588,0
Oliena,2023,3668,2651,1017,3668,0
Ollastra,2019,635,472,163,635,0
Ollastra,2021,636,459,177,636,0
Ollastra,2023,644,461,183,644,0
Ollolai,2019,847,574,273,847,0
Ollolai,2021,850,539,311,850,0
Ollolai,2023,883,524,359,883,0
Olmedo,2019,2133,1817,316,2133,0
Olmedo,2021,2140,1831,309,2140,0
Olmedo,2023,2157,1856,301,2157,0
Olzai,2019,707,378,329,707,0
Olzai,2021,703,375,328,703,0
Olzai,2023,710,373,337,710,0
Onanì,2019,339,154,185,339,0
Onanì,2021,339,164,175,339,0
Onanì,2023,365,160,205,365,0
Onifai,2019,444,314,130,444,0
Onifai,2021,450,304,146,450,0
Onifai,2023,459,329,130,459,0
Oniferi,2019,488,387,101,488,0
Oniferi,2021,489,370,119,489,0
Oniferi,2023,491,379,112,491,0
Orani,2019,1649,1236,413,1649,0
Orani,2021,1645,1219,426,1645,0
Orani,2023,1662,1232,430,1662,0
Orgosolo,2019,2493,1674,819,2493,0
Orgosolo,2021,2528,1649,879,2528,0
Orgosolo,2023,2583,1679,904,2583,0
Oristano,2019,17116,13577,3539,17116,0
Oristano,2021,17226,14223,3003,17226,0
Oristano,2023,17590,14466,3124,17590,0
Orosei,2019,5779,3096,2683,5779,0
Orosei,2021,5809,3240,2569,5809,0
Orosei,2023,5968,3353,2615,5968,0
Orotelli,2019,1328,812,516,1328,0
Orotelli,2021,1326,814,512,1326,0
Orotelli,2023,1335,808,527,1335,0
Orroli,2019,1504,948,556,1504,0
Orroli,2021,1504,913,591,1504,0
Orroli,2023,1509,919,590,1509,0
Ortacesus,2019,456,356,100,456,0
Ortacesus,2021,456,355,101,456,0
Ortacesus,2023,460,362,98,460,0
Ortueri,2019,1035,491,544,1035,0
Ortueri,2021,1029,484,545,1029,0
Ortueri,2023,1034,474,560,1034,0
Orune,2019,1432,1000,432,1432,0
Orune,2021,1433,980,453,1433,0
Orune,2023,1446,962,484,1446,0
Oschiri,2019,2167,1339,828,2167,0
Oschiri,2021,2174,1318,856,2174,0
Oschiri,2023,2182,1340,842,2182,0
Osidda,2019,187,125,62,187,0
Osidda,2021,187,130,57,187,0
Osidda,2023,189,131,58,189,0
Osilo,2019,2066,1356,710,2066,0
Osilo,2021,2072,1404,668,2072,0
Osilo,2023,2065,1402,663,2065,0
Osini,2019,626,384,242,626,0
Osini,2021,625,394,231,625,0
Osini,2023,641,384,257,641,0
Ossi,2019,2770,2256,514,2770,0
Ossi,2021,2779,2274,505,2779,0
Ossi,2023,2816,2306,510,2816,0
Ottana,2019,1223,1006,217,1223,0
Ottana,2021,1225,1024,201,1225,0
Ottana,2023,1253,1042,211,1253,0
Ovodda,2019,968,747,221,968,0
Ovodda,2021,982,719,263,982,0
Ovodda,2023,991,691,300,991,0
Ozieri,2019,5543,4264,1279,5543,0
Ozieri,2021,5546,4194,1352,5546,0
Ozieri,2023,5549,4203,1346,5549,0
Pabillonis,2019,1330,1112,218,1330,0
Pabillonis,2021,1336,1123,213,1336,0
Pabillonis,2023,1380,1108,272,1380,0
Padria,2019,740,322,418,740,0
Padria,2021,736,314,422,736,0
Padria,2023,730,313,417,730,0
Padru,2019,1052,826,226,1052,0
Padru,2021,1061,877,184,1061,0
Padru,2023,1119,916,203,1119,0
Palau,2019,7439,1996,5443,7439,0
Palau,2021,7455,2061,5394,7455,0
Palau,2023,7497,2083,5414,7497,0
Palmas Arborea,2019,663,576,87,663,0
Palmas Arborea,2021,670,590,80,670,0
Palmas Arborea,2023,700,603,97,700,0
Pattada,2019,1800,1213,587,1800,0
Pattada,2021,1801,1225,576,1801,0
Pattada,2023,1804,1206,598,1804,0
Pau,2019,249,132,117,249,0
Pau,2021,250,131,119,250,0
Pau,2023,247,135,112,247,0
Pauli Arbarei,2019,381,247,134,381,0
Pauli Arbarei,2021,381,247,134,381,0
Pauli Arbarei,2023,385,250,135,385,0
Paulilatino,2019,1519,878,641,1519,0
Paulilatino,2021,1524,890,634,1524,0
Paulilatino,2023,1556,910,646,1556,0
Perdasdefogu,2019,1292,819,473,1292,0
Perdasdefogu,2021,1293,815,478,1293,0
Perdasdefogu,2023,1295,808,487,1295,0
Perdaxius,2019,768,552,216,768,0
Perdaxius,2021,773,553,220,773,0
Perdaxius,2023,797,553,244,797,0
Perfugas,2019,1495,965,530,1495,0
Perfugas,2021,1498,965,533,1498,0
Perfugas,2023,1503,985,518,1503,0
Pimentel,2019,595,442,153,595,0
Pimentel,2021,601,468,133,601,0
Pimentel,2023,608,480,128,608,0
Piscinas,2019,534,358,176,534,0
Piscinas,2021,534,373,161,534,0
Piscinas,2023,544,366,178,544,0
Ploaghe,2019,2397,1817,580,2397,0
Ploaghe,2021,2404,1840,564,2404,0
Ploaghe,2023,2438,1850,588,2438,0
Pompu,2019,152,92,60,152,0
Pompu,2021,152,92,60,152,0
Pompu,2023,155,98,57,155,0
Porto Torres,2019,10437,9261,1176,10437,0
Porto Torres,2021,10475,9261,1214,10475,0
Porto Torres,2023,10561,9300,1261,10561,0
Portoscuso,2019,3303,2179,1124,3303,0
Portoscuso,2021,3303,2200,1103,3303,0
Portoscuso,2023,3337,2211,1126,3337,0
Posada,2019,3501,1532,1969,3501,0
Posada,2021,3521,1593,1928,3521,0
Posada,2023,3589,1610,1979,3589,0
Pozzomaggiore,2019,2002,1175,827,2002,0
Pozzomaggiore,2021,1999,1174,825,1999,0
Pozzomaggiore,2023,1987,1135,852,1987,0
Pula,2019,7187,3267,3920,7187,0
Pula,2021,7223,3282,3941,7223,0
Pula,2023,7274,3375,3899,7274,0
Putifigari,2019,460,309,151,460,0
Putifigari,2021,462,299,163,462,0
Putifigari,2023,470,300,170,470,0
Quartu Sant'Elena,2019,34441,29528,4913,34441,0
Quartu Sant'Elena,2021,34607,30979,3628,34607,0
Quartu Sant'Elena,2023,35015,31669,3346,35015,0
Quartucciu,2019,6087,5374,713,6087,0
Quartucciu,2021,6093,5448,645,6093,0
Quartucciu,2023,6164,5563,601,6164,0
Riola Sardo,2019,1255,905,350,1255,0
Riola Sardo,2021,1252,919,333,1252,0
Riola Sardo,2023,1275,934,341,1275,0
Romana,2019,395,230,165,395,0
Romana,2021,395,221,174,395,0
Romana,2023,395,217,178,395,0
Ruinas,2019,557,287,270,557,0
Ruinas,2021,558,282,276,558,0
Ruinas,2023,556,275,281,556,0
Sadali,2019,767,454,313,767,0
Sadali,2021,768,419,349,768,0
Sadali,2023,779,418,361,779,0
Sagama,2019,193,85,108,193,0
Sagama,2021,193,81,112,193,0
Sagama,2023,192,81,111,192,0
Samassi,2019,2339,1992,347,2339,0
Samassi,2021,2342,2023,319,2342,0
Samassi,2023,2372,2056,316,2372,0
Samatzai,2019,884,633,251,884,0
Samatzai,2021,886,637,249,886,0
Samatzai,2023,891,659,232,891,0
Samugheo,2019,1896,1240,656,1896,0
Samugheo,2021,1910,1199,711,1910,0
Samugheo,2023,1930,1208,722,1930,0
San Basilio,2019,675,486,189,675,0
San Basilio,2021,673,476,197,673,0
San Basilio,2023,684,474,210,684,0
San Gavino Monreale,2019,4248,3463,785,4248,0
San Gavino Monreale,2021,4267,3487,780,4267,0
San Gavino Monreale,2023,4298,3454,844,4298,0
San Giovanni Suergiu,2019,3475,2439,1036,3475,0
San Giovanni Suergiu,2021,3513,2440,1073,3513,0
San Giovanni Suergiu,2023,3639,2459,1180,3639,0
San Nicolò D'Arcidano,2019,1314,990,324,1314,0
San Nicolò D'Arcidano,2021,1317,1011,306,1317,0
San Nicolò D'Arcidano,2023,1344,1013,331,1344,0
San Nicolò Gerrei,2019,574,318,256,574,0
San Nicolò Gerrei,2021,579,320,259,579,0
San Nicolò Gerrei,2023,584,337,247,584,0
San Sperate,2019,3855,3451,404,3855,0
San Sperate,2021,3912,3530,382,3912,0
San Sperate,2023,4078,3676,402,4078,0
San Teodoro,2019,964,604,360,964,0
San Teodoro,2021,969,576,393,969,0
San Teodoro,2023,961,584,377,961,0
San Vero Milis,2019,3121,1173,1948,3121,0
San Vero Milis,2021,3126,1208,1918,3126,0
San Vero Milis,2023,3137,1237,1900,3137,0
San Vito,2019,2710,1600,1110,2710,0
San Vito,2021,2710,1590,1120,2710,0
San Vito,2023,2740,1602,1138,2740,0
Sanluri,2019,4120,3534,586,4120,0
Sanluri,2021,4140,3510,630,4140,0
Sanluri,2023,4220,3601,619,4220,0
Sant'Andrea Frius,2019,925,666,259,925,0
Sant'Andrea Frius,2021,925,675,250,925,0
Sant'Andrea Frius,2023,942,688,254,942,0
Sant'Anna Arresi,2019,2333,1177,1156,2333,0
Sant'Anna Arresi,2021,2373,1226,1147,2373,0
Sant'Anna Arresi,2023,2515,1252,1263,2515,0
Sant'Antioco,2019,7640,4972,2668,7640,0
Sant'Antioco,2021,7673,5030,2643,7673,0
Sant'Antioco,2023,7801,5082,2719,7801,0
Sant'Antonio Di Gallura,2019,965,642,323,965,0
Sant'Antonio Di Gallura,2021,967,637,330,967,0
Sant'Antonio Di Gallura,2023,987,647,340,987,0
Santa Giusta,2019,2153,1928,225,2153,0
Santa Giusta,2021,2164,1945,219,2164,0
Santa Giusta,2023,2201,1966,235,2201,0
Santa Maria Coghinas,2019,1098,666,432,1098,0
Santa Maria Coghinas,2021,1103,657,446,1103,0
Santa Maria Coghinas,2023,1112,663,449,1112,0
Santa Teresa Gallura,2019,9341,2661,6680,9341,0
Santa Teresa Gallura,2021,9336,2726,6610,9336,0
Santa Teresa Gallura,2023,9266,2774,6492,9266,0
Santadi,2019,2147,1407,740,2147,0
Santadi,2021,2149,1393,756,2149,0
Santadi,2023,2168,1397,771,2168,0
Santu Lussurgiu,2019,1800,966,834,1800,0
Santu Lussurgiu,2021,1797,977,820,1797,0
Santu Lussurgiu,2023,1810,985,825,1810,0
Sardara,2019,2090,1642,448,2090,0
Sardara,2021,2095,1624,471,2095,0
Sardara,2023,2129,1622,507,2129,0
Sarroch,2019,3184,2249,935,3184,0
Sarroch,2021,3185,2291,894,3185,0
Sarroch,2023,3192,2321,871,3192,0
Sarule,2019,948,695,253,948,0
Sarule,2021,950,688,262,950,0
Sarule,2023,957,670,287,957,0
Sassari,2019,64811,56598,8213,64811,0
Sassari,2021,64924,57218,7706,64924,0
Sassari,2023,65535,57467,8068,65535,0
Scano Di Montiferro,2019,1296,629,667,1296,0
Scano Di Montiferro,2021,1299,613,686,1299,0
Scano Di Montiferro,2023,1309,618,691,1309,0
Sedilo,2019,1376,901,475,1376,0
Sedilo,2021,1388,908,480,1388,0
Sedilo,2023,1393,901,492,1393,0
Sedini,2019,1007,611,396,1007,0
Sedini,2021,1009,609,400,1009,0
Sedini,2023,1013,599,414,1013,0
Segariu,2019,595,435,160,595,0
Segariu,2021,599,471,128,599,0
Segariu,2023,612,478,134,612,0
Selargius,2019,12761,12088,673,12761,0
Selargius,2021,12851,12329,522,12851,0
Selargius,2023,13111,12563,548,13111,0
Selegas,2019,727,523,204,727,0
Selegas,2021,728,501,227,728,0
Selegas,2023,735,511,224,735,0
Semestene,2019,237,80,157,237,0
Semestene,2021,237,81,156,237,0
Semestene,2023,237,77,160,237,0
Seneghe,2019,1139,721,418,1139,0
Seneghe,2021,1147,710,437,1147,0
Seneghe,2023,1158,702,456,1158,0
Senis,2019,350,206,144,350,0
Senis,2021,350,201,149,350,0
Senis,2023,351,192,159,351,0
Sennariolo,2019,203,84,119,203,0
Sennariolo,2021,206,77,129,206,0
Sennariolo,2023,210,79,131,210,0
Sennori,2019,3535,2758,777,3535,0
Sennori,2021,3546,2833,713,3546,0
Sennori,2023,3584,2897,687,3584,0
Senorbì,2019,2504,2025,479,2504,0
Senorbì,2021,2516,2047,469,2516,0
Senorbì,2023,2545,2067,478,2545,0
Serdiana,2019,1256,1004,252,1256,0
Serdiana,2021,1260,1063,197,1260,0
Serdiana,2023,1278,1082,196,1278,0
Serramanna,2019,4109,3668,441,4109,0
Serramanna,2021,4118,3666,452,4118,0
Serramanna,2023,4153,3664,489,4153,0
Serrenti,2019,2508,1951,557,2508,0
Serrenti,2021,2505,1934,571,2505,0
Serrenti,2023,2525,1950,575,2525,0
Serri,2019,469,290,179,469,0
Serri,2021,469,285,184,469,0
Serri,2023,467,290,177,467,0
Sestu,2019,9327,9063,264,9327,0
Sestu,2021,9761,9100,661,9761,0
Sestu,2023,9925,9300,625,9925,0
Settimo San Pietro,2019,2879,2653,226,2879,0
Settimo San Pietro,2021,2919,2740,179,2919,0
Settimo San Pietro,2023,3038,2821,217,3038,0
Setzu,2019,123,67,56,123,0
Setzu,2021,122,59,63,122,0
Setzu,2023,120,59,61,120,0
Seui,2019,1444,636,808,1444,0
Seui,2021,1441,613,828,1441,0
Seui,2023,1438,612,826,1438,0
Seulo,2019,762,434,328,762,0
Seulo,2021,762,451,311,762,0
Seulo,2023,764,443,321,764,0
Siamaggiore,2019,479,386,93,479,0
Siamaggiore,2021,480,383,97,480,0
Siamaggiore,2023,484,388,96,484,0
Siamanna,2019,458,335,123,458,0
Siamanna,2021,461,327,134,461,0
Siamanna,2023,465,329,136,465,0
Siapiccia,2019,197,142,55,197,0
Siapiccia,2021,196,142,54,196,0
Siapiccia,2023,200,145,55,200,0
Siddi,2019,439,264,175,439,0
Siddi,2021,438,257,181,438,0
Siddi,2023,442,252,190,442,0
Silanus,2019,1290,813,477,1290,0
Silanus,2021,1291,804,487,1291,0
Silanus,2023,1296,809,487,1296,0
Siligo,2019,695,412,283,695,0
Siligo,2021,695,414,281,695,0
Siligo,2023,703,397,306,703,0
Siliqua,2019,1849,1478,371,1849,0
Siliqua,2021,1857,1515,342,1857,0
Siliqua,2023,1870,1542,328,1870,0
Silius,2019,608,438,170,608,0
Silius,2021,608,421,187,608,0
Silius,2023,609,412,197,609,0
Simala,2019,295,146,149,295,0
Simala,2021,295,140,155,295,0
Simala,2023,295,146,149,295,0
Simaxis,2019,1145,922,223,1145,0
Simaxis,2021,1154,925,229,1154,0
Simaxis,2023,1171,920,251,1171,0
Sindia,2019,1203,704,499,1203,0
Sindia,2021,1224,715,509,1224,0
Sindia,2023,1222,716,506,1222,0
Sini,2019,429,225,204,429,0
Sini,2021,426,214,212,426,0
Sini,2023,432,216,216,432,0
Siniscola,2019,9250,5302,3948,9250,0
Siniscola,2021,9323,5335,3988,9323,0
Siniscola,2023,9588,5393,4195,9588,0
Sinnai,2019,9201,6680,2521,9201,0
Sinnai,2021,9256,6917,2339,9256,0
Sinnai,2023,9498,7094,2404,9498,0
Siris,2019,135,94,41,135,0
Siris,2021,135,92,43,135,0
Siris,2023,136,97,39,136,0
Siurgus Donigala,2019,1265,801,464,1265,0
Siurgus Donigala,2021,1266,803,463,1266,0
Siurgus Donigala,2023,1269,817,452,1269,0
Soddì,2019,113,51,62,113,0
Soddì,2021,113,56,57,113,0
Soddì,2023,116,56,60,116,0
Solarussa,2019,1322,1004,318,1322,0
Solarussa,2021,1323,1016,307,1323,0
Solarussa,2023,1347,1016,331,1347,0
Soleminis,2019,799,711,88,799,0
Soleminis,2021,806,731,75,806,0
Soleminis,2023,825,743,82,825,0
Sorgono,2019,1181,702,479,1181,0
Sorgono,2021,1184,693,491,1184,0
Sorgono,2023,1182,682,500,1182,0
Sorradile,2019,439,196,243,439,0
Sorradile,2021,438,194,244,438,0
Sorradile,2023,442,192,250,442,0
Sorso,2019,9825,6066,3759,9825,0
Sorso,2021,9834,6314,3520,9834,0
Sorso,2023,9858,6506,3352,9858,0
Stintino,2019,5127,915,4212,5127,0
Stintino,2021,5139,901,4238,5139,0
Stintino,2023,5160,923,4237,5160,0
Suelli,2019,592,435,157,592,0
Suelli,2021,603,459,144,603,0
Suelli,2023,603,469,134,603,0
Suni,2019,833,482,351,833,0
Suni,2021,838,489,349,838,0
Suni,2023,842,482,360,842,0
Tadasuni,2019,160,79,81,160,0
Tadasuni,2021,160,76,84,160,0
Tadasuni,2023,160,71,89,160,0
Talana,2019,647,480,167,647,0
Talana,2021,654,479,175,654,0
Talana,2023,670,486,184,670,0
Telti,2019,1301,952,349,1301,0
Telti,2021,1311,1013,298,1311,0
Telti,2023,1349,1005,344,1349,0
Tempio Pausania,2019,8946,5674,3272,8946,0
Tempio Pausania,2021,8946,5685,3261,8946,0
Tempio Pausania,2023,8994,5691,3303,8994,0
Tergu,2019,429,272,157,429,0
Tergu,2021,429,292,137,429,0
Tergu,2023,441,294,147,441,0
Terralba,2019,5621,4075,1546,5621,0
Terralba,2021,5646,4056,1590,5646,0
Terralba,2023,5685,4094,1591,5685,0
Tertenia,2019,3535,1878,1657,3535,0
Tertenia,2021,3550,1912,1638,3550,0
Tertenia,2023,3614,1952,1662,3614,0
Teti,2019,451,298,153,451,0
Teti,2021,452,298,154,452,0
Teti,2023,457,295,162,457,0
Teulada,2019,3105,1588,1517,3105,0
Teulada,2021,3126,1601,1525,3126,0
Teulada,2023,3179,1615,1564,3179,0
Thiesi,2019,1864,1207,657,1864,0
Thiesi,2021,1861,1237,624,1861,0
Thiesi,2023,1875,1208,667,1875,0
Tiana,2019,438,219,219,438,0
Tiana,2021,438,217,221,438,0
Tiana,2023,440,216,224,440,0
Tinnura,2019,207,109,98,207,0
Tinnura,2021,206,110,96,206,0
Tinnura,2023,207,116,91,207,0
Tissi,2019,1116,996,120,1116,0
Tissi,2021,1116,1024,92,1116,0
Tissi,2023,1134,1020,114,1134,0
Tonara,2019,1641,888,753,1641,0
Tonara,2021,1638,868,770,1638,0
Tonara,2023,1660,868,792,1660,0
Torpè,2019,1899,1209,690,1899,0
Torpè,2021,1928,1257,671,1928,0
Torpè,2023,1995,1263,732,1995,0
Torralba,2019,684,414,270,684,0
Torralba,2021,685,422,263,685,0
Torralba,2023,687,417,270,687,0
Tortolì,2019,7420,4971,2449,7420,0
Tortolì,2021,7464,5169,2295,7464,0
Tortolì,2023,7606,5296,2310,7606,0
Tramatza,2019,569,390,179,569,0
Tramatza,2021,571,404,167,571,0
Tramatza,2023,584,410,174,584,0
Tratalias,2019,871,424,447,871,0
Tratalias,2021,874,434,440,874,0
Tratalias,2023,880,437,443,880,0
Tresnuraghes,2019,1617,544,1073,1617,0
Tresnuraghes,2021,1617,537,1080,1617,0
Tresnuraghes,2023,1608,537,1071,1608,0
Triei,2019,673,517,156,673,0
Triei,2021,675,506,169,675,0
Triei,2023,849,506,343,849,0
Trinità D'Agultu E Vignola,2019,6318,1104,5214,6318,0
Trinità D'Agultu E Vignola,2021,6356,1174,5182,6356,0
Trinità D'Agultu E Vignola,2023,6377,1202,5175,6377,0
Tuili,2019,679,442,237,679,0
Tuili,2021,676,432,244,676,0
Tuili,2023,674,431,243,674,0
Tula,2019,901,585,316,901,0
Tula,2021,904,629,275,904,0
Tula,2023,910,623,287,910,0
Turri,2019,335,203,132,335,0
Turri,2021,335,191,144,335,0
Turri,2023,337,192,145,337,0
Ulassai,2019,1094,751,343,1094,0
Ulassai,2021,1095,742,353,1095,0
Ulassai,2023,1107,763,344,1107,0
Ulà Tirso,2019,475,240,235,475,0
Ulà Tirso,2021,476,228,248,476,0
Ulà Tirso,2023,479,226,253,479,0
Uras,2019,1627,1191,436,1627,0
Uras,2021,1629,1148,481,1629,0
Uras,2023,1646,1165,481,1646,0
Uri,2019,1475,1139,336,1475,0
Uri,2021,1478,1204,274,1478,0
Uri,2023,1494,1219,275,1494,0
Urzulei,2019,734,540,194,734,0
Urzulei,2021,732,525,207,732,0
Urzulei,2023,739,506,233,739,0
Usellus,2019,579,358,221,579,0
Usellus,2021,582,352,230,582,0
Usellus,2023,577,349,228,577,0
Usini,2019,1987,1654,333,1987,0
Usini,2021,1999,1712,287,1999,0
Usini,2023,2025,1745,280,2025,0
Ussana,2019,1800,1603,197,1800,0
Ussana,2021,1810,1648,162,1810,0
Ussana,2023,1838,1672,166,1838,0
Ussaramanna,2019,371,222,149,371,0
Ussaramanna,2021,370,218,152,370,0
Ussaramanna,2023,374,225,149,374,0
Ussassai,2019,639,273,366,639,0
Ussassai,2021,641,254,387,641,0
Ussassai,2023,646,249,397,646,0
Uta,2019,3757,3437,320,3757,0
Uta,2021,3806,3598,208,3806,0
Uta,2023,3954,3791,163,3954,0
Valledoria,2019,5032,1983,3049,5032,0
Valledoria,2021,5066,2106,2960,5066,0
Valledoria,2023,5165,2166,2999,5165,0
Vallermosa,2019,988,733,255,988,0
Vallermosa,2021,989,778,211,989,0
Vallermosa,2023,1003,774,229,1003,0
Viddalba,2019,1297,740,557,1297,0
Viddalba,2021,1298,766,532,1298,0
Viddalba,2023,1345,752,593,1345,0
Villa San Pietro,2019,1131,875,256,1131,0
Villa San Pietro,2021,1141,914,227,1141,0
Villa San Pietro,2023,1160,927,233,1160,0
Villa Sant'Antonio,2019,290,162,128,290,0
Villa Sant'Antonio,2021,290,158,132,290,0
Villa Sant'Antonio,2023,290,160,130,290,0
Villa Verde,2019,291,143,148,291,0
Villa Verde,2021,291,139,152,291,0
Villa Verde,2023,289,133,156,289,0
Villacidro,2019,6488,5395,1093,6488,0
Villacidro,2021,6531,5512,1019,6531,0
Villacidro,2023,6596,5536,1060,6596,0
Villagrande Strisaili,2019,1930,1291,639,1930,0
Villagrande Strisaili,2021,1950,1324,626,1950,0
Villagrande Strisaili,2023,1992,1314,678,1992,0
Villamar,2019,1467,1057,410,1467,0
Villamar,2021,1466,1059,407,1466,0
Villamar,2023,1457,1054,403,1457,0
Villamassargia,2019,1822,1401,421,1822,0
Villamassargia,2021,1827,1426,401,1827,0
Villamassargia,2023,1848,1417,431,1848,0
Villanova Monteleone,2019,1564,944,620,1564,0
Villanova Monteleone,2021,1562,950,612,1562,0
Villanova Monteleone,2023,1569,942,627,1569,0
Villanova Truschedu,2019,210,138,72,210,0
Villanova Truschedu,2021,207,135,72,207,0
Villanova Truschedu,2023,208,139,69,208,0
Villanova Tulo,2019,722,496,226,722,0
Villanova Tulo,2021,725,466,259,725,0
Villanova Tulo,2023,730,467,263,730,0
Villanovaforru,2019,446,270,176,446,0
Villanovaforru,2021,446,261,185,446,0
Villanovaforru,2023,441,280,161,441,0
Villanovafranca,2019,941,527,414,941,0
Villanovafranca,2021,940,540,400,940,0
Villanovafranca,2023,943,542,401,943,0
Villaperuccio,2019,669,457,212,669,0
Villaperuccio,2021,709,435,274,709,0
Villaperuccio,2023,719,447,272,719,0
Villaputzu,2019,3379,2058,1321,3379,0
Villaputzu,2021,3393,2109,1284,3393,0
Villaputzu,2023,3443,2109,1334,3443,0
Villasalto,2019,1055,482,573,1055,0
Villasalto,2021,1056,475,581,1056,0
Villasalto,2023,1051,461,590,1051,0
Villasimius,2019,6361,1867,4494,6361,0
Villasimius,2021,6398,1893,4505,6398,0
Villasimius,2023,6482,1941,4541,6482,0
Villasor,2019,3202,2710,492,3202,0
Villasor,2021,3215,2688,527,3215,0
Villasor,2023,3282,2735,547,3282,0
Villaspeciosa,2019,1152,1024,128,1152,0
Villaspeciosa,2021,1168,1060,108,1168,0
Villaspeciosa,2023,1205,1111,94,1205,0
Villaurbana,2019,979,661,318,979,0
Villaurbana,2021,986,645,341,986,0
Villaurbana,2023,988,657,331,988,0
Zeddiani,2019,640,472,168,640,0
Zeddiani,2021,655,489,166,655,0
Zeddiani,2023,656,487,169,656,0
Zerfaliu,2019,585,426,159,585,0
Zerfaliu,2021,587,439,148,587,0
Zerfaliu,2023,601,426,175,601,0
